prapr_JacksonXml_5_mutant-6,XmlRootNameLookup,6.373274007183637
prapr_JacksonXml_5_mutant-7,XmlRootNameLookup,5.909099663751215
prapr_JacksonXml_5_mutant-2,XmlRootNameLookup,13.68859243658099
prapr_JacksonXml_5_mutant-4,XmlRootNameLookup,13.68859243658099
prapr_JacksonXml_5_mutant-5,XmlRootNameLookup,4.546743520515128
prapr_JacksonCore_21_mutant-19,FilteringParserDelegate,5.750438345092672
prapr_JacksonCore_21_mutant-10,FilteringParserDelegate,4.031998599923146
prapr_JacksonCore_21_mutant-15,FilteringParserDelegate,2.0660654451997575
prapr_JacksonCore_21_mutant-20,FilteringParserDelegate,3.864751904469047
prapr_JacksonCore_19_mutant-6,BufferRecycler,4.65008419114244
prapr_JacksonCore_19_mutant-11,BufferRecycler,4.993000815179939
prapr_JacksonCore_19_mutant-13,TextBuffer,3.6972657669958022
prapr_JacksonCore_19_mutant-12,BufferRecycler,4.739138263910995
prapr_JacksonCore_19_mutant-8,TextBuffer,3.432431062073413
prapr_JacksonCore_19_mutant-1,TextBuffer,2.919097727342155
prapr_JacksonCore_19_mutant-10,BufferRecycler,1.7947333865268915
prapr_JacksonCore_19_mutant-7,TextBuffer,3.0155994612092734
prapr_JacksonCore_19_mutant-2,BufferRecycler,4.827938321968854
prapr_JacksonCore_19_mutant-4,BufferRecycler,2.518970633112065
prapr_JacksonCore_19_mutant-3,TextBuffer,3.4960371457681183
prapr_JacksonCore_19_mutant-9,BufferRecycler,4.549534775277107
prapr_JacksonCore_19_mutant-5,BufferRecycler,4.525537824473523
prapr_JacksonCore_25_mutant-6,ReaderBasedJsonParser,4.055085917729753
prapr_JacksonCore_25_mutant-11,ReaderBasedJsonParser,5.490893305931831
prapr_JacksonCore_25_mutant-31,ReaderBasedJsonParser,9.34294946432944
prapr_JacksonCore_25_mutant-13,ReaderBasedJsonParser,6.2514249373445745
prapr_JacksonCore_25_mutant-27,ReaderBasedJsonParser,6.459653110630994
prapr_JacksonCore_25_mutant-36,ReaderBasedJsonParser,5.5078744775617565
prapr_JacksonCore_25_mutant-30,ReaderBasedJsonParser,5.00704065569681
prapr_JacksonCore_25_mutant-21,ReaderBasedJsonParser,2.9925675443422817
prapr_JacksonCore_25_mutant-28,ReaderBasedJsonParser,6.346707216958146
prapr_JacksonCore_25_mutant-37,ReaderBasedJsonParser,5.348737986350276
prapr_JacksonCore_25_mutant-16,ReaderBasedJsonParser,4.9150906440118005
prapr_JacksonCore_25_mutant-22,ReaderBasedJsonParser,5.107263458600179
prapr_JacksonCore_25_mutant-35,ReaderBasedJsonParser,4.316610618863423
prapr_JacksonCore_25_mutant-40,ReaderBasedJsonParser,3.60317487268124
prapr_JacksonCore_25_mutant-7,ReaderBasedJsonParser,5.163416240833875
prapr_JacksonCore_25_mutant-41,ReaderBasedJsonParser,3.6098773848013206
prapr_JacksonCore_25_mutant-17,ReaderBasedJsonParser,6.773883659278473
prapr_JacksonCore_25_mutant-29,ReaderBasedJsonParser,4.334331732378388
prapr_JacksonCore_25_mutant-33,ReaderBasedJsonParser,3.9855293212421685
prapr_JacksonCore_25_mutant-34,ReaderBasedJsonParser,5.938298871013728
prapr_JacksonCore_25_mutant-15,ReaderBasedJsonParser,4.285074041031317
prapr_JacksonCore_25_mutant-9,ReaderBasedJsonParser,9.618952430427422
prapr_JacksonCore_25_mutant-5,ReaderBasedJsonParser,5.08303886722268
prapr_JacksonCore_25_mutant-20,ReaderBasedJsonParser,4.576171393165633
prapr_JacksonCore_17_mutant-14,UTF8JsonGenerator,3.945392104502325
prapr_JacksonCore_17_mutant-6,UTF8JsonGenerator,3.1538559589453614
prapr_JacksonCore_17_mutant-11,UTF8JsonGenerator,3.574639304014198
prapr_JacksonCore_17_mutant-13,GeneratorBase,13.74792421839574
prapr_JacksonCore_17_mutant-12,UTF8JsonGenerator,2.1381616792025224
prapr_JacksonCore_17_mutant-8,UTF8JsonGenerator,4.678679919494688
prapr_JacksonCore_17_mutant-1,UTF8JsonGenerator,5.537729702177879
prapr_JacksonCore_17_mutant-10,UTF8JsonGenerator,3.452967419325335
prapr_JacksonCore_17_mutant-7,GeneratorBase,3.786437617421717
prapr_JacksonCore_17_mutant-2,UTF8JsonGenerator,3.819880008463481
prapr_JacksonCore_17_mutant-4,UTF8JsonGenerator,3.2595656163466953
prapr_JacksonCore_17_mutant-3,BufferRecycler,1.7947333865268915
prapr_JacksonCore_17_mutant-15,UTF8JsonGenerator,3.439351601178246
prapr_JacksonCore_17_mutant-9,BufferRecycler,2.518970633112065
prapr_JacksonCore_17_mutant-5,UTF8JsonGenerator,5.537729702177879
prapr_JacksonCore_4_mutant-1,TextBuffer,2.0490140109284614
prapr_JacksonCore_4_mutant-2,TextBuffer,2.5507878959416277
prapr_JacksonCore_8_mutant-6,TextBuffer,3.902203796079672
prapr_JacksonCore_8_mutant-1,TextBuffer,3.21174980658179
prapr_JacksonCore_8_mutant-2,TextBuffer,3.100771429954412
prapr_JacksonCore_8_mutant-4,TextBuffer,3.591478252301223
prapr_JacksonCore_8_mutant-3,TextBuffer,2.9282953699281404
prapr_JacksonCore_8_mutant-5,TextBuffer,3.331031078905981
prapr_JacksonCore_5_mutant-6,JsonPointer,1.9702260719816538
prapr_JacksonCore_5_mutant-1,JsonPointer,2.1285048748481437
prapr_JacksonCore_5_mutant-7,JsonPointer,2.1815260975111865
prapr_JacksonCore_5_mutant-2,NumberInput,2.5119442118119415
prapr_JacksonCore_5_mutant-4,JsonPointer,2.005247853696329
prapr_JacksonCore_5_mutant-3,NumberInput,5.472208202385799
prapr_JacksonCore_5_mutant-5,NumberInput,2.975918307814356
prapr_JacksonCore_9_mutant-1,ParserMinimalBase,2.4864679566975805
prapr_JacksonCore_11_mutant-6,ByteQuadsCanonicalizer,5.185629010256454
prapr_JacksonCore_11_mutant-8,ByteQuadsCanonicalizer,3.3370096856852807
prapr_JacksonCore_11_mutant-1,ByteQuadsCanonicalizer,9.745054123341921
prapr_JacksonCore_11_mutant-7,ByteQuadsCanonicalizer,5.034524702345364
prapr_JacksonCore_11_mutant-2,ByteQuadsCanonicalizer,4.063166951422944
prapr_JacksonCore_11_mutant-4,ByteQuadsCanonicalizer,8.425872382713319
prapr_JacksonCore_11_mutant-3,ByteQuadsCanonicalizer,3.8648105511226145
prapr_JacksonCore_11_mutant-9,ByteQuadsCanonicalizer,8.795835690819
prapr_JacksonCore_11_mutant-5,ByteQuadsCanonicalizer,2.656441260385557
prapr_Jsoup_66_mutant-6,Element,3.897516013947144
prapr_Jsoup_66_mutant-8,Element,4.123691646541039
prapr_Jsoup_66_mutant-7,Element,3.7362492584528404
prapr_Jsoup_66_mutant-2,Element,4.495997181603722
prapr_Jsoup_66_mutant-4,Element,2.4453029804758786
prapr_Jsoup_66_mutant-3,Element,1.6563958979989741
prapr_Jsoup_66_mutant-5,Element,3.7362492584528404
prapr_Jsoup_68_mutant-1,HtmlTreeBuilder,2.8855366212530247
prapr_Jsoup_68_mutant-2,HtmlTreeBuilder,4.210978759777428
prapr_Jsoup_68_mutant-4,HtmlTreeBuilderState,2.6070090832558743
prapr_Jsoup_68_mutant-3,HtmlTreeBuilderState,2.6070090832558743
prapr_Jsoup_90_mutant-6,HttpConnection,3.890984242681719
prapr_Jsoup_90_mutant-11,HttpConnection,3.406639254697602
prapr_Jsoup_90_mutant-13,HttpConnection,4.9106124428245925
prapr_Jsoup_90_mutant-12,HttpConnection,3.2989226647522805
prapr_Jsoup_90_mutant-19,HttpConnection,3.9098751755708854
prapr_Jsoup_90_mutant-8,HttpConnection,11.08552737826226
prapr_Jsoup_90_mutant-1,HttpConnection,1.8831825664187458
prapr_Jsoup_90_mutant-16,HttpConnection,3.3721104015885146
prapr_Jsoup_90_mutant-10,HttpConnection,3.2221238791145055
prapr_Jsoup_90_mutant-7,HttpConnection,2.325463525728262
prapr_Jsoup_90_mutant-17,HttpConnection,3.33876868824883
prapr_Jsoup_90_mutant-2,HttpConnection,2.9067070554084524
prapr_Jsoup_90_mutant-4,HttpConnection,3.8267034183318023
prapr_Jsoup_90_mutant-3,HttpConnection,3.095919150862477
prapr_Jsoup_90_mutant-15,HttpConnection,4.4842729611486325
prapr_Jsoup_90_mutant-18,HttpConnection,9.8859803439116
prapr_Jsoup_90_mutant-9,HttpConnection,5.442985103840779
prapr_Jsoup_90_mutant-5,HttpConnection,4.891092058846516
prapr_Jsoup_19_mutant-1,Whitelist,2.0874195943196523
prapr_Jsoup_19_mutant-2,Whitelist,2.08761708515432
prapr_Jsoup_17_mutant-1,TreeBuilderState,3.957360672543565
prapr_Jsoup_17_mutant-2,TreeBuilderState,2.995933784475687
prapr_Jsoup_17_mutant-3,TreeBuilderState,3.957360672543565
prapr_Jsoup_64_mutant-1,HtmlTreeBuilderState,1.7780051531182215
prapr_Jsoup_26_mutant-1,Cleaner,3.360215906752476
prapr_Jsoup_26_mutant-2,Cleaner,2.350974684730269
prapr_Jsoup_26_mutant-4,Cleaner,4.671487761824579
prapr_Jsoup_26_mutant-3,Cleaner,2.9193497960380563
prapr_Jsoup_26_mutant-5,Cleaner,2.6643331072932503
prapr_Jsoup_45_mutant-6,HtmlTreeBuilder,3.2972687000622956
prapr_Jsoup_45_mutant-11,HtmlTreeBuilder,2.0799427299750364
prapr_Jsoup_45_mutant-13,HtmlTreeBuilder,3.682931250419516
prapr_Jsoup_45_mutant-12,HtmlTreeBuilder,2.8219341043407264
prapr_Jsoup_45_mutant-8,HtmlTreeBuilder,3.3469946933182126
prapr_Jsoup_45_mutant-1,HtmlTreeBuilder,3.4352477677861812
prapr_Jsoup_45_mutant-16,HtmlTreeBuilder,3.347621672013884
prapr_Jsoup_45_mutant-10,HtmlTreeBuilder,4.018084947459937
prapr_Jsoup_45_mutant-7,HtmlTreeBuilder,1.605887166940804
prapr_Jsoup_45_mutant-2,HtmlTreeBuilder,3.7011218624600417
prapr_Jsoup_45_mutant-4,HtmlTreeBuilder,3.741938188478362
prapr_Jsoup_45_mutant-3,HtmlTreeBuilder,4.943452365246365
prapr_Jsoup_45_mutant-15,HtmlTreeBuilder,3.4825815360684507
prapr_Jsoup_45_mutant-9,HtmlTreeBuilder,1.7296719531710163
prapr_Jsoup_45_mutant-5,HtmlTreeBuilder,2.8417281980891604
prapr_Jsoup_44_mutant-6,HtmlTreeBuilderState,4.1458894067833745
prapr_Jsoup_44_mutant-1,HtmlTreeBuilderState,7.024269676665017
prapr_Jsoup_44_mutant-2,HtmlTreeBuilderState,8.464816830608287
prapr_Jsoup_44_mutant-4,HtmlTreeBuilderState,2.4580568053444507
prapr_Jsoup_44_mutant-3,Node,2.9606459275688475
prapr_Jsoup_44_mutant-5,HtmlTreeBuilderState,4.1458894067833745
prapr_Jsoup_57_mutant-1,Node,2.252681274243714
prapr_Jsoup_46_mutant-1,Entities,4.498671010101609
prapr_Jsoup_51_mutant-1,CharacterReader,4.252064202246534
prapr_Jsoup_51_mutant-2,CharacterReader,1.9134714312057264
prapr_Jsoup_41_mutant-6,Element,4.640383167479837
prapr_Jsoup_41_mutant-1,Element,1.4781629678860875
prapr_Jsoup_41_mutant-2,Element,4.069547739918906
prapr_Jsoup_41_mutant-4,Element,3.625049099412617
prapr_Jsoup_41_mutant-3,Element,5.3161506512641035
prapr_Jsoup_41_mutant-5,Element,3.257216278599758
prapr_Jsoup_1_mutant-6,Document,5.209913751045917
prapr_Jsoup_1_mutant-11,Document,3.744480088834275
prapr_Jsoup_1_mutant-12,Document,3.125544858919051
prapr_Jsoup_1_mutant-8,Document,4.730805139078527
prapr_Jsoup_1_mutant-1,Document,3.8815330351887214
prapr_Jsoup_1_mutant-10,Document,3.0076680217847382
prapr_Jsoup_1_mutant-7,Document,5.169546033598412
prapr_Jsoup_1_mutant-2,Document,2.818021539951113
prapr_Jsoup_1_mutant-4,Document,3.1830261344057726
prapr_Jsoup_1_mutant-3,Document,9.119412025808096
prapr_Jsoup_1_mutant-9,Document,2.7267299224423986
prapr_Jsoup_1_mutant-5,Document,3.8990532710803456
prapr_Jsoup_75_mutant-1,TokeniserState,10.663117407412317
prapr_Jsoup_67_mutant-1,HtmlTreeBuilder,3.873387966512498
prapr_Jsoup_32_mutant-1,Element,4.725981771773786
prapr_Jsoup_77_mutant-1,XmlTreeBuilder,2.2910923796853417
prapr_Jsoup_85_mutant-1,Attribute,4.352920681617716
prapr_Jsoup_24_mutant-6,TokeniserState,4.319264638040852
prapr_Jsoup_24_mutant-11,TokeniserState,4.515773859344808
prapr_Jsoup_24_mutant-13,TokeniserState,3.376439764329999
prapr_Jsoup_24_mutant-12,TokeniserState,4.888361477378289
prapr_Jsoup_24_mutant-8,TokeniserState,10.380257096235772
prapr_Jsoup_24_mutant-10,TokeniserState,4.046726122261622
prapr_Jsoup_24_mutant-7,TokeniserState,4.515773859344808
prapr_Jsoup_24_mutant-2,TokeniserState,3.829579839812469
prapr_Jsoup_24_mutant-4,TokeniserState copy,3.7693371203401647
prapr_Jsoup_24_mutant-3,TokeniserState,3.334842682219335
prapr_Jsoup_24_mutant-9,TokeniserState,4.352579490195294
prapr_Jsoup_24_mutant-5,TokeniserState,2.6881588027176644
prapr_Jsoup_80_mutant-1,XmlTreeBuilder,1.6207526075066983
prapr_Jsoup_80_mutant-2,XmlTreeBuilder,4.551645935269246
prapr_Jsoup_72_mutant-1,CharacterReader,2.4712747509118214
prapr_Jsoup_72_mutant-2,CharacterReader,6.659353664806223
prapr_Jsoup_40_mutant-1,DocumentType,11.584017429294484
prapr_Jsoup_61_mutant-1,Element,2.570892400689893
prapr_JacksonDatabind_86_mutant-1,LRUMap,3.156944247566315
prapr_JacksonDatabind_86_mutant-2,TypeFactory,5.886206111823489
prapr_JacksonDatabind_66_mutant-6,BasicDeserializerFactory,4.811642164315954
prapr_JacksonDatabind_66_mutant-8,BasicDeserializerFactory,6.152910392087294
prapr_JacksonDatabind_66_mutant-1,BasicDeserializerFactory,3.7402952742838225
prapr_JacksonDatabind_66_mutant-7,BasicDeserializerFactory,3.8267285895801026
prapr_JacksonDatabind_66_mutant-2,BasicDeserializerFactory,3.663898991674044
prapr_JacksonDatabind_66_mutant-4,BasicDeserializerFactory,3.8391615819707714
prapr_JacksonDatabind_66_mutant-3,BasicDeserializerFactory,4.516148884536155
prapr_JacksonDatabind_66_mutant-5,BasicDeserializerFactory,2.779508953935951
prapr_JacksonDatabind_96_mutant-1,BasicDeserializerFactory,4.0432081277599465
prapr_JacksonDatabind_71_mutant-1,DeserializerCache,8.59295507783348
prapr_JacksonDatabind_71_mutant-2,DeserializerCache,4.51866803576946
prapr_JacksonDatabind_28_mutant-1,JsonNodeDeserializer,7.356367617164973
prapr_JacksonDatabind_90_mutant-1,BasicDeserializerFactory,3.9118368241369446
prapr_JacksonDatabind_90_mutant-2,ValueInstantiator,4.418963211554948
prapr_JacksonDatabind_90_mutant-3,StdValueInstantiator,4.137286496379
prapr_JacksonDatabind_48_mutant-6,SerializationConfig,3.1726057990683763
prapr_JacksonDatabind_48_mutant-11,SerializationConfig,2.713321061950294
prapr_JacksonDatabind_48_mutant-13,VisibilityChecker,4.825250141128164
prapr_JacksonDatabind_48_mutant-12,VisibilityChecker,1.4324306928120556
prapr_JacksonDatabind_48_mutant-8,SerializationConfig,2.83639562199716
prapr_JacksonDatabind_48_mutant-1,VisibilityChecker,2.680008108244114
prapr_JacksonDatabind_48_mutant-10,VisibilityChecker,1.447550837781529
prapr_JacksonDatabind_48_mutant-7,SerializationConfig,2.718091799212333
prapr_JacksonDatabind_48_mutant-2,VisibilityChecker,2.7446698664261526
prapr_JacksonDatabind_48_mutant-4,VisibilityChecker,2.786683614075152
prapr_JacksonDatabind_48_mutant-3,VisibilityChecker,1.4552306729706594
prapr_JacksonDatabind_48_mutant-9,VisibilityChecker,1.2417067866472198
prapr_JacksonDatabind_48_mutant-5,SerializationConfig,4.771042640126124
prapr_JacksonDatabind_43_mutant-1,BeanDeserializer,9.73154261919157
prapr_JacksonDatabind_105_mutant-1,StdValueInstantiator,3.8056368007481045
prapr_JacksonDatabind_105_mutant-2,ValueInstantiator,5.149962127222681
prapr_JacksonDatabind_64_mutant-6,PropertyBuilder,2.4243683145077397
prapr_JacksonDatabind_64_mutant-1,PropertyBuilder,1.9199128200771867
prapr_JacksonDatabind_64_mutant-2,PropertyBuilder,3.430668357013498
prapr_JacksonDatabind_64_mutant-4,PropertyBuilder,4.172762138915607
prapr_JacksonDatabind_64_mutant-3,PropertyBuilder,5.385856158035189
prapr_JacksonDatabind_64_mutant-5,PropertyBuilder,4.032559950450978
prapr_JacksonDatabind_93_mutant-1,SubTypeValidator,2.4938847164481275
prapr_JacksonDatabind_98_mutant-1,BeanDeserializer,4.318573847376368
prapr_JacksonDatabind_98_mutant-2,BeanDeserializer,14.334480215014434
prapr_JacksonDatabind_98_mutant-3,BeanDeserializer,5.042540518015522
prapr_JacksonDatabind_103_mutant-6,DeserializationContext,6.128568690749309
prapr_JacksonDatabind_103_mutant-8,StdKeyDeserializer,3.8540558658561355
prapr_JacksonDatabind_103_mutant-1,StdKeyDeserializer,11.038594318586853
prapr_JacksonDatabind_103_mutant-7,StdKeyDeserializer,5.138041879231029
prapr_JacksonDatabind_103_mutant-2,StdKeyDeserializer,3.75736643570461
prapr_JacksonDatabind_103_mutant-3,StdKeyDeserializer,2.116922109087938
prapr_JacksonDatabind_20_mutant-6,POJOPropertyBuilder,1.9276084649108602
prapr_JacksonDatabind_20_mutant-1,POJOPropertiesCollector,1.9972169694622632
prapr_JacksonDatabind_20_mutant-7,POJOPropertyBuilder,3.9559631100772457
prapr_JacksonDatabind_20_mutant-2,POJOPropertiesCollector,2.330178838261762
prapr_JacksonDatabind_20_mutant-3,POJOPropertyBuilder,2.3708028892952155
prapr_JacksonDatabind_20_mutant-5,POJOPropertyBuilder,3.6278493803511935
prapr_JacksonDatabind_51_mutant-1,FieldProperty,9.683408154523892
prapr_JacksonDatabind_83_mutant-1,FromStringDeserializer,1.6852345357696732
prapr_JacksonDatabind_83_mutant-2,FromStringDeserializer,3.8021414395592683
prapr_JacksonDatabind_83_mutant-3,FromStringDeserializer,7.378664272425505
prapr_JacksonDatabind_70_mutant-1,BeanPropertyMap,5.073472477865677
prapr_JacksonDatabind_35_mutant-6,BeanDeserializerBase,2.3625211327401874
prapr_JacksonDatabind_35_mutant-11,BeanDeserializerBase,5.372812217855999
prapr_JacksonDatabind_35_mutant-8,BeanDeserializerBase,2.0644757384988845
prapr_JacksonDatabind_35_mutant-1,BeanDeserializerBase,2.2524605268506526
prapr_JacksonDatabind_35_mutant-10,BeanDeserializerBase,2.249021725420619
prapr_JacksonDatabind_35_mutant-7,BeanDeserializerBase,5.087529149277081
prapr_JacksonDatabind_35_mutant-2,BeanDeserializerBase,4.863854195147555
prapr_JacksonDatabind_35_mutant-4,BeanDeserializerBase,2.7259646348897255
prapr_JacksonDatabind_35_mutant-3,BeanDeserializerBase,1.6632620984903803
prapr_JacksonDatabind_35_mutant-9,BeanDeserializerBase,2.8853337988840333
prapr_JacksonDatabind_35_mutant-5,BeanDeserializerBase,1.9238235169320301
prapr_JacksonDatabind_14_mutant-14,ObjectReader,2.3757903457673906
prapr_JacksonDatabind_14_mutant-6,ObjectReader,1.7291078596465872
prapr_JacksonDatabind_14_mutant-11,ObjectReader,4.34173462121704
prapr_JacksonDatabind_14_mutant-13,ObjectReader,2.3656263455128546
prapr_JacksonDatabind_14_mutant-12,ObjectReader,2.0991396727163165
prapr_JacksonDatabind_14_mutant-19,ObjectReader,3.9504995114107504
prapr_JacksonDatabind_14_mutant-8,ObjectReader,2.3350217261154733
prapr_JacksonDatabind_14_mutant-1,ObjectReader,1.2827591746006806
prapr_JacksonDatabind_14_mutant-16,ObjectReader,7.16904923424119
prapr_JacksonDatabind_14_mutant-10,ObjectReader,2.6880710527003218
prapr_JacksonDatabind_14_mutant-7,ObjectReader,1.8070821627546143
prapr_JacksonDatabind_14_mutant-17,ObjectReader,3.6411358380730214
prapr_JacksonDatabind_14_mutant-2,ObjectReader,4.291223455347785
prapr_JacksonDatabind_14_mutant-4,ObjectReader,3.7979288128105173
prapr_JacksonDatabind_14_mutant-3,ObjectReader,2.947143598052219
prapr_JacksonDatabind_14_mutant-15,ObjectReader,3.6411358380730214
prapr_JacksonDatabind_14_mutant-18,ObjectReader,2.650201496635643
prapr_JacksonDatabind_14_mutant-9,ObjectReader,3.6115258649298485
prapr_JacksonDatabind_14_mutant-5,ObjectReader,1.9673791957758358
prapr_JacksonDatabind_14_mutant-20,ObjectReader,2.7565393070390907
prapr_JacksonDatabind_3_mutant-14,StringArrayDeserializer,5.723691525888451
prapr_JacksonDatabind_3_mutant-6,StringArrayDeserializer,2.1255439673645924
prapr_JacksonDatabind_3_mutant-11,StdDeserializer,2.4480917669371403
prapr_JacksonDatabind_3_mutant-13,StringArrayDeserializer,4.087777819124585
prapr_JacksonDatabind_3_mutant-12,BasicDeserializerFactory,1.8119248919836004
prapr_JacksonDatabind_3_mutant-8,BasicDeserializerFactory,5.619194492574429
prapr_JacksonDatabind_3_mutant-1,StringArrayDeserializer,5.723691525888451
prapr_JacksonDatabind_3_mutant-16,StringArrayDeserializer,3.1706010232158324
prapr_JacksonDatabind_3_mutant-10,StringArrayDeserializer,2.995919648391575
prapr_JacksonDatabind_3_mutant-2,StringArrayDeserializer,3.3468707819650643
prapr_JacksonDatabind_3_mutant-4,StringArrayDeserializer,4.561818043935734
prapr_JacksonDatabind_3_mutant-3,StdDeserializer,5.0152078071771635
prapr_JacksonDatabind_3_mutant-15,StringArrayDeserializer,3.605912928979818
prapr_JacksonDatabind_3_mutant-9,StdDeserializer,2.5293384895040045
prapr_JacksonDatabind_110_mutant-1,JavaUtilCollectionsDeserializers,2.5858862341055446
prapr_JacksonDatabind_76_mutant-1,BuilderBasedDeserializer,3.7807287393753235
prapr_JacksonDatabind_41_mutant-1,TypeFactory,3.715303425124477
prapr_JacksonDatabind_41_mutant-2,TypeFactory,4.79216606555511
prapr_JacksonDatabind_41_mutant-4,TypeFactory,4.015445551822853
prapr_JacksonDatabind_41_mutant-3,TypeFactory,3.8416288593871446
prapr_JacksonDatabind_41_mutant-5,TypeFactory,5.157718736035847
prapr_JacksonDatabind_16_mutant-6,AnnotatedMember,2.4071863903234387
prapr_JacksonDatabind_16_mutant-1,AnnotationMap,1.9662088290848956
prapr_JacksonDatabind_16_mutant-7,AnnotatedClass,2.9840534424992966
prapr_JacksonDatabind_16_mutant-2,AnnotationMap,2.4518194423006663
prapr_JacksonDatabind_16_mutant-4,AnnotationMap,2.095028814475862
prapr_JacksonDatabind_16_mutant-3,AnnotatedMember,3.226926084439012
prapr_JacksonDatabind_16_mutant-5,AnnotatedClass,1.9407749820201181
prapr_JacksonDatabind_1_mutant-1,BeanPropertyWriter,6.236489486194273
prapr_JacksonDatabind_1_mutant-2,BeanPropertyWriter,11.073081193019815
prapr_JacksonDatabind_59_mutant-14,TypeBindings,4.12193893981812
prapr_JacksonDatabind_59_mutant-11,TypeBindings,1.7037857842378785
prapr_JacksonDatabind_59_mutant-31,TypeFactory,5.353223877956961
prapr_JacksonDatabind_59_mutant-25,TypeFactory,5.819078601711807
prapr_JacksonDatabind_59_mutant-13,TypeFactory,1.5932404866616219
prapr_JacksonDatabind_59_mutant-27,TypeFactory,5.0970606892866375
prapr_JacksonDatabind_59_mutant-23,TypeBindings,7.679393962209144
prapr_JacksonDatabind_59_mutant-30,TypeBindings,4.480440508285836
prapr_JacksonDatabind_59_mutant-21,TypeFactory,6.556054309544812
prapr_JacksonDatabind_59_mutant-28,TypeFactory,5.353223877956961
prapr_JacksonDatabind_59_mutant-32,TypeFactory,4.662494750937521
prapr_JacksonDatabind_59_mutant-12,TypeBindings,2.0207093618577465
prapr_JacksonDatabind_59_mutant-38,TypeFactory,6.922904502134978
prapr_JacksonDatabind_59_mutant-19,TypeFactory,2.312366470027319
prapr_JacksonDatabind_59_mutant-8,TypeBindings,2.5983590963950087
prapr_JacksonDatabind_59_mutant-37,TypeBindings,7.396369865819426
prapr_JacksonDatabind_59_mutant-1,TypeFactory,3.446357249192309
prapr_JacksonDatabind_59_mutant-24,LRUMap,3.156944247566315
prapr_JacksonDatabind_59_mutant-16,TypeBindings,3.6370509216118894
prapr_JacksonDatabind_59_mutant-22,TypeFactory,14.287989731183336
prapr_JacksonDatabind_59_mutant-35,TypeBindings,7.170928137333782
prapr_JacksonDatabind_59_mutant-10,TypeFactory,6.242799517480308
prapr_JacksonDatabind_59_mutant-7,TypeFactory,4.682808243027402
prapr_JacksonDatabind_59_mutant-26,TypeBindings,7.170928137333782
prapr_JacksonDatabind_59_mutant-17,TypeBindings,4.055292486335958
prapr_JacksonDatabind_59_mutant-29,TypeFactory,3.209225630198662
prapr_JacksonDatabind_59_mutant-33,TypeBindings,1.8288621561441916
prapr_JacksonDatabind_59_mutant-34,TypeFactory,4.851352379240726
prapr_JacksonDatabind_59_mutant-2,TypeFactory,6.115026429657788
prapr_JacksonDatabind_59_mutant-4,TypeFactory,2.3498470235895783
prapr_JacksonDatabind_59_mutant-3,TypeFactory,5.736257761370825
prapr_JacksonDatabind_59_mutant-15,TypeBindings,2.0722235339506416
prapr_JacksonDatabind_59_mutant-18,TypeBindings,4.838126375198741
prapr_JacksonDatabind_59_mutant-9,TypeBindings,2.8000873636023966
prapr_JacksonDatabind_59_mutant-5,TypeFactory,2.6299249913479783
prapr_JacksonDatabind_59_mutant-20,TypeFactory,6.212599334659313
prapr_JacksonDatabind_5_mutant-6,ObjectMapper,8.22319596431499
prapr_JacksonDatabind_5_mutant-8,ObjectMapper,2.7132509598544847
prapr_JacksonDatabind_5_mutant-1,AnnotatedClass,3.305700921186365
prapr_JacksonDatabind_5_mutant-7,ObjectMapper,3.3738862774352243
prapr_JacksonDatabind_5_mutant-2,ObjectMapper,1.9742768306566678
prapr_JacksonDatabind_5_mutant-4,ObjectMapper,2.647710096854228
prapr_JacksonDatabind_5_mutant-3,AnnotatedClass,2.542674321883227
prapr_JacksonDatabind_5_mutant-5,ClassUtil,1.714131743645171
prapr_JacksonDatabind_54_mutant-1,PropertyBuilder,4.046107478772388
prapr_JacksonDatabind_54_mutant-2,PropertyBuilder,5.304175219019116
prapr_JacksonDatabind_54_mutant-3,PropertyBuilder,4.171018911227396
prapr_JacksonDatabind_101_mutant-1,BeanDeserializer,7.937059302632049
prapr_JacksonDatabind_101_mutant-2,BeanDeserializer,7.770572172115625
prapr_JacksonDatabind_101_mutant-4,BeanDeserializer,23.025850929940457
prapr_JacksonDatabind_101_mutant-3,BeanDeserializer,5.679648760356026
prapr_JacksonDatabind_101_mutant-5,BeanDeserializer,6.839812504469861
prapr_JacksonDatabind_53_mutant-6,TypeFactory,4.1397843366991065
prapr_JacksonDatabind_53_mutant-1,TypeFactory,4.1397843366991065
prapr_JacksonDatabind_53_mutant-2,TypeFactory,6.96065358183083
prapr_JacksonDatabind_53_mutant-4,TypeFactory,3.1238293458411537
prapr_JacksonDatabind_53_mutant-3,TypeFactory,4.0831864980905594
prapr_JacksonDatabind_53_mutant-5,TypeFactory,4.0831864980905594
prapr_JacksonDatabind_82_mutant-1,BeanDeserializerFactory,3.593571871022676
prapr_JacksonDatabind_37_mutant-1,SimpleType,3.4786545380900895
prapr_JacksonDatabind_37_mutant-2,SimpleType,1.6958622521361242
prapr_JacksonDatabind_13_mutant-1,StdDeserializer,5.5083383934591446
prapr_JacksonDatabind_27_mutant-6,ExternalTypeHandler,1.9533510326498547
prapr_JacksonDatabind_27_mutant-1,ExternalTypeHandler,3.0857187736307545
prapr_JacksonDatabind_27_mutant-7,ExternalTypeHandler,2.6919443761665884
prapr_JacksonDatabind_27_mutant-2,ExternalTypeHandler,4.57923791819353
prapr_JacksonDatabind_27_mutant-4,BeanDeserializer,6.495341640773757
prapr_JacksonDatabind_27_mutant-3,BeanDeserializer,5.7272062264426795
prapr_JacksonDatabind_27_mutant-5,ExternalTypeHandler,2.2385509954494744
prapr_JacksonDatabind_24_mutant-1,BaseSettings,3.395663710299419
prapr_JacksonDatabind_24_mutant-2,BaseSettings,2.996677084328323
prapr_JacksonDatabind_108_mutant-1,ObjectReader,2.370387907119746
prapr_JacksonDatabind_108_mutant-2,ObjectReader,3.4527235719257843
prapr_JacksonDatabind_29_mutant-1,TokenBuffer,6.037207198333724
prapr_JacksonDatabind_80_mutant-1,AnnotationIntrospector,2.0981712609296923
prapr_JacksonDatabind_102_mutant-1,DateTimeSerializerBase,23.025850929940457
prapr_JacksonDatabind_107_mutant-6,DeserializationContext,3.16592590013633
prapr_JacksonDatabind_107_mutant-11,DeserializationConfig,2.284192003544365
prapr_JacksonDatabind_107_mutant-8,DeserializationConfig,3.3134367467810915
prapr_JacksonDatabind_107_mutant-1,DeserializationConfig,3.3134367467810915
prapr_JacksonDatabind_107_mutant-10,DeserializationConfig,3.92023825329661
prapr_JacksonDatabind_107_mutant-7,StdTypeResolverBuilder,3.9756936987232656
prapr_JacksonDatabind_107_mutant-2,DeserializationConfig,2.9730484919134397
prapr_JacksonDatabind_107_mutant-4,DeserializationConfig,3.2939122428451846
prapr_JacksonDatabind_107_mutant-3,DeserializationContext,4.833127710609937
prapr_JacksonDatabind_107_mutant-9,DeserializationConfig,3.5485131234364355
prapr_JacksonDatabind_107_mutant-5,DeserializationContext,3.428875629217635
prapr_JacksonDatabind_34_mutant-1,NumberSerializer,1.274763334067512
prapr_Compress_18_mutant-14,TarArchiveEntry,2.0783502362589603
prapr_Compress_18_mutant-6,TarArchiveOutputStream,2.1885893509376717
prapr_Compress_18_mutant-11,TarArchiveOutputStream,4.584553807222945
prapr_Compress_18_mutant-31,TarArchiveOutputStream,2.7462834740574085
prapr_Compress_18_mutant-25,TarArchiveEntry,4.20116212831324
prapr_Compress_18_mutant-13,TarArchiveOutputStream,4.634041505031214
prapr_Compress_18_mutant-27,TarArchiveEntry,5.662293180680371
prapr_Compress_18_mutant-23,TarArchiveOutputStream,5.9910372686499205
prapr_Compress_18_mutant-36,TarArchiveEntry,2.465322417226245
prapr_Compress_18_mutant-30,TarArchiveOutputStream,3.9073080468089807
prapr_Compress_18_mutant-21,TarArchiveOutputStream,7.356188451446464
prapr_Compress_18_mutant-28,TarArchiveOutputStream,5.128666166349771
prapr_Compress_18_mutant-32,TarArchiveOutputStream,4.532934973932426
prapr_Compress_18_mutant-12,TarArchiveEntry,3.8667333584038004
prapr_Compress_18_mutant-19,TarArchiveOutputStream,5.374960755088288
prapr_Compress_18_mutant-8,TarArchiveOutputStream,8.323091141574098
prapr_Compress_18_mutant-1,TarArchiveOutputStream,7.5027147399626655
prapr_Compress_18_mutant-24,TarArchiveEntry,2.2038217840183774
prapr_Compress_18_mutant-16,TarArchiveOutputStream,4.2018134087743615
prapr_Compress_18_mutant-22,TarArchiveEntry,2.0783502362589603
prapr_Compress_18_mutant-35,TarArchiveOutputStream,2.3989053234130835
prapr_Compress_18_mutant-10,TarArchiveEntry,4.948715450128924
prapr_Compress_18_mutant-7,TarArchiveOutputStream,2.4698559417125105
prapr_Compress_18_mutant-26,TarArchiveOutputStream,2.7059878683182275
prapr_Compress_18_mutant-17,TarArchiveOutputStream,5.487942972852432
prapr_Compress_18_mutant-29,TarArchiveOutputStream,7.257799855960195
prapr_Compress_18_mutant-33,TarArchiveOutputStream,6.116630966126439
prapr_Compress_18_mutant-34,TarArchiveEntry,5.9372238392163466
prapr_Compress_18_mutant-2,TarArchiveOutputStream,4.804835140332434
prapr_Compress_18_mutant-4,TarArchiveEntry,3.908498413462676
prapr_Compress_18_mutant-3,TarArchiveEntry,2.9367883917403774
prapr_Compress_18_mutant-15,TarArchiveOutputStream,4.638955686341958
prapr_Compress_18_mutant-18,TarArchiveOutputStream,5.595576959401202
prapr_Compress_18_mutant-9,TarArchiveOutputStream,5.86734939566883
prapr_Compress_18_mutant-5,TarArchiveOutputStream,4.776518397586389
prapr_Compress_18_mutant-20,TarArchiveOutputStream,3.9073080468089807
prapr_Compress_19_mutant-1,Zip64ExtendedInformationExtraField,7.762646430259462
prapr_Compress_45_mutant-1,TarUtils,5.182851788468882
prapr_Compress_45_mutant-2,TarUtils,3.0357705121758403
prapr_Compress_45_mutant-4,TarUtils,6.0233171006840935
prapr_Compress_45_mutant-3,TarUtils,3.8087075091130544
prapr_Compress_35_mutant-1,TarArchiveInputStream,0.801185468285427
prapr_Compress_35_mutant-2,TarArchiveInputStream,1.2712124423462696
prapr_Compress_14_mutant-1,TarUtils,3.425649594390828
prapr_Compress_14_mutant-2,TarUtils,3.1065074754067994
prapr_Compress_4_mutant-6,ZipArchiveOutputStream,7.625103835281182
prapr_Compress_4_mutant-8,ZipArchiveOutputStream,7.491195532223071
prapr_Compress_4_mutant-1,ZipArchiveOutputStream,7.418827841292384
prapr_Compress_4_mutant-7,ZipArchiveOutputStream,2.561301143958206
prapr_Compress_4_mutant-2,ZipArchiveOutputStream,6.879631833602093
prapr_Compress_4_mutant-4,ZipArchiveOutputStream,3.6605518648511843
prapr_Compress_4_mutant-3,ZipArchiveOutputStream,12.131357171838067
prapr_Compress_4_mutant-9,ZipArchiveOutputStream,2.4903648905544884
prapr_Compress_4_mutant-5,ZipArchiveOutputStream,4.154121548972521
prapr_Compress_16_mutant-39,TarArchiveEntry,2.3470138495751334
prapr_Compress_16_mutant-27,TarArchiveEntry,2.618290404253475
prapr_Compress_16_mutant-8,TarArchiveEntry,2.374146520672701
prapr_Compress_16_mutant-16,TarArchiveEntry,2.927801520662065
prapr_Compress_16_mutant-40,TarArchiveEntry,2.3041047586930863
prapr_Compress_16_mutant-17,TarArchiveEntry,2.98192447040687
prapr_Compress_16_mutant-29,TarArchiveEntry,2.6249895020822773
prapr_Compress_16_mutant-20,TarUtils,5.64684915210773
prapr_Compress_27_mutant-1,TarUtils,4.101669989266954
prapr_Compress_27_mutant-2,TarUtils,4.714900180438776
prapr_Compress_27_mutant-4,TarUtils,5.382059512628133
prapr_Compress_27_mutant-3,TarUtils,5.845150849670077
prapr_Compress_27_mutant-5,TarUtils,3.588239653326313
prapr_Compress_38_mutant-1,TarArchiveEntry,4.933908116561317
prapr_Compress_38_mutant-2,TarArchiveEntry,5.694353240814207
prapr_Compress_38_mutant-3,TarArchiveEntry,5.926716851399
prapr_Compress_34_mutant-1,X7875_NewUnix,2.163519157365287
prapr_Gson_18_mutant-1,$Gson$Types,3.3060096629947457
prapr_Gson_16_mutant-6,$Gson$Types,2.8264577084926814
prapr_Gson_16_mutant-11,$Gson$Types,2.319095324138664
prapr_Gson_16_mutant-8,$Gson$Types,2.433284246775101
prapr_Gson_16_mutant-1,$Gson$Types,1.770414245219095
prapr_Gson_16_mutant-10,$Gson$Types,3.244683411372731
prapr_Gson_16_mutant-7,$Gson$Types,1.5874322862803025
prapr_Gson_16_mutant-2,$Gson$Types,3.2491542469586623
prapr_Gson_16_mutant-4,$Gson$Types,1.9550318475414032
prapr_Gson_16_mutant-3,$Gson$Types,2.720746992708873
prapr_Gson_16_mutant-9,$Gson$Types,2.715589356814273
prapr_Gson_16_mutant-5,$Gson$Types,1.8688364527606407
prapr_Gson_6_mutant-1,JsonAdapterAnnotationTypeAdapterFactory,3.2187537132355644
prapr_Gson_6_mutant-2,JsonAdapterAnnotationTypeAdapterFactory,2.411285299429944
prapr_Gson_5_mutant-6,DefaultDateTypeAdapter,1.2282528424654355
prapr_Gson_5_mutant-8,ISO8601Utils,2.771661447702388
prapr_Gson_5_mutant-1,ISO8601Utils,1.7950503702570468
prapr_Gson_5_mutant-10,ISO8601Utils,1.5387839663085083
prapr_Gson_5_mutant-7,ISO8601Utils,1.4965902640565076
prapr_Gson_5_mutant-2,ISO8601Utils,4.298091770898916
prapr_Gson_5_mutant-4,ISO8601Utils,3.4236762124817024
prapr_Gson_5_mutant-3,ISO8601Utils,5.613198468370452
prapr_Gson_5_mutant-9,ISO8601Utils,2.6565277561981366
prapr_Gson_5_mutant-5,DefaultDateTypeAdapter,1.2544209702246691
prapr_Codec_8_mutant-14,Base64,12.538945274573637
prapr_Codec_8_mutant-6,Base64InputStream,3.868239041425767
prapr_Codec_8_mutant-11,Base64InputStream,9.023877403615737
prapr_Codec_8_mutant-13,Base64InputStream,3.868239041425767
prapr_Codec_8_mutant-12,Base64,2.1773477052064107
prapr_Codec_8_mutant-8,Base64InputStream,2.649628935366239
prapr_Codec_8_mutant-1,Base64InputStream,3.516091976381492
prapr_Codec_8_mutant-10,Base64InputStream,3.280289179042976
prapr_Codec_8_mutant-7,Base64InputStream,3.2241564297568366
prapr_Codec_8_mutant-2,Base64InputStream,3.3412256488355636
prapr_Codec_8_mutant-4,Base64InputStream,3.2995544523809337
prapr_Codec_8_mutant-3,Base64InputStream,3.7313026992701075
prapr_Codec_8_mutant-9,Base64InputStream,2.9790634726311302
prapr_Codec_8_mutant-5,Base64InputStream,2.8234432142599184
prapr_Codec_16_mutant-6,Base32,1.7970779718648264
prapr_Codec_16_mutant-11,Base32,3.2886373484130815
prapr_Codec_16_mutant-8,Base32,2.8803139526968944
prapr_Codec_16_mutant-1,Base32,3.360541837039196
prapr_Codec_16_mutant-10,Base32,5.809656870904828
prapr_Codec_16_mutant-7,Base32,3.317186604644398
prapr_Codec_16_mutant-2,Base32,2.0880503966336614
prapr_Codec_16_mutant-4,Base32,1.8970908430928934
prapr_Codec_16_mutant-3,Base32,2.5854248452404236
prapr_Codec_16_mutant-9,Base32,2.556154820279978
prapr_Codec_16_mutant-5,Base32,3.2886373484130815
prapr_Codec_9_mutant-6,Base64,3.570514781261344
prapr_Codec_9_mutant-8,Base64,4.533562993564911
prapr_Codec_9_mutant-1,Base64,4.060985530366614
prapr_Codec_9_mutant-7,Base64,2.5736257597380665
prapr_Codec_9_mutant-2,Base64,4.353450353340942
prapr_Codec_9_mutant-4,Base64,3.603874830453488
prapr_Codec_9_mutant-3,Base64,3.3054634561019145
prapr_Codec_9_mutant-5,Base64,2.237379633201178
prapr_Codec_7_mutant-1,Base64,1.8001453244679897
prapr_Codec_15_mutant-6,Soundex,1.7904132566128794
prapr_Codec_15_mutant-1,Soundex,2.252187775370888
prapr_Codec_15_mutant-7,Soundex,1.7159275594633787
prapr_Codec_15_mutant-2,Soundex,2.078390051117861
prapr_Codec_15_mutant-4,Soundex,2.1242768430980514
prapr_Codec_15_mutant-3,Soundex,1.7456051513782622
prapr_Codec_15_mutant-5,Soundex,1.7188670656018887
prapr_Cli_18_mutant-1,PosixParser,3.174845145944627
prapr_Cli_18_mutant-2,PosixParser,6.297100858561962
prapr_Cli_18_mutant-4,PosixParser,2.513466171578242
prapr_Cli_18_mutant-3,PosixParser,3.6818911218013963
prapr_Cli_19_mutant-6,PosixParser,7.611757082749262
prapr_Cli_19_mutant-1,PosixParser,6.176679477072625
prapr_Cli_19_mutant-2,PosixParser,3.555305489921343
prapr_Cli_19_mutant-4,PosixParser,3.7088397848891828
prapr_Cli_19_mutant-3,PosixParser,4.592815241200196
prapr_Cli_19_mutant-5,PosixParser,2.4205396140869984
prapr_Cli_22_mutant-6,PosixParser,1.8285356613825434
prapr_Cli_22_mutant-1,PosixParser,4.483710321715359
prapr_Cli_22_mutant-7,PosixParser,2.2276323018080144
prapr_Cli_22_mutant-2,PosixParser,2.0496177838059464
prapr_Cli_22_mutant-4,PosixParser,3.4727467927746245
prapr_Cli_22_mutant-3,PosixParser,5.119931070167169
prapr_Cli_22_mutant-5,PosixParser,9.710487923420716
prapr_Cli_14_mutant-1,GroupImpl,10.904539517513243
prapr_Cli_14_mutant-2,GroupImpl,5.65199868009286
prapr_Cli_8_mutant-1,HelpFormatter,2.6400832495738866
prapr_Cli_8_mutant-2,HelpFormatter,4.2326847338764955
prapr_Cli_5_mutant-1,Util,2.0030591990044395
prapr_Cli_5_mutant-2,Util,2.0776356572513204
prapr_Cli_32_mutant-6,HelpFormatter,3.5103150834253607
prapr_Cli_32_mutant-1,HelpFormatter,1.4824968622227597
prapr_Cli_32_mutant-7,HelpFormatter,3.678154902290045
prapr_Cli_32_mutant-2,HelpFormatter,5.967348909109491
prapr_Cli_32_mutant-4,HelpFormatter,2.9284964062372527
prapr_Cli_32_mutant-3,HelpFormatter,1.784368528865955
prapr_Cli_32_mutant-5,HelpFormatter,1.640898772618762
prapr_Cli_37_mutant-1,Options,3.209217736456237
prapr_Cli_37_mutant-2,Options,0.5956647537282541
prapr_Cli_37_mutant-4,DefaultParser,2.4493943966881733
prapr_Cli_37_mutant-3,DefaultParser,1.9706578063734965
prapr_Cli_13_mutant-1,GroupImpl,5.2433406474819915
prapr_Cli_13_mutant-2,GroupImpl,4.671138835577384
prapr_Cli_7_mutant-6,DefaultOptionBuilder,0.9455963611562596
prapr_Cli_7_mutant-1,OptionImpl,3.027687163523326
prapr_Cli_7_mutant-4,OptionImpl,3.5567328627336994
prapr_Cli_7_mutant-3,OptionImpl,2.8529945380980783
prapr_Cli_7_mutant-5,OptionImpl,5.875406079514971
prapr_Cli_40_mutant-1,TypeHandler,9.18367688505899
prapr_Cli_40_mutant-2,TypeHandler,3.7835803341440815
prapr_Cli_11_mutant-6,HelpFormatter,8.557653209535601
prapr_Cli_11_mutant-11,HelpFormatter,3.042703993241477
prapr_Cli_11_mutant-8,HelpFormatter,3.866316615032896
prapr_Cli_11_mutant-1,HelpFormatter,3.273340699420146
prapr_Cli_11_mutant-10,HelpFormatter,8.557653209535601
prapr_Cli_11_mutant-7,HelpFormatter,3.10288377245648
prapr_Cli_11_mutant-2,HelpFormatter,2.884650452426161
prapr_Cli_11_mutant-4,HelpFormatter,3.1302058979166887
prapr_Cli_11_mutant-3,HelpFormatter,2.494511376985661
prapr_Cli_11_mutant-9,HelpFormatter,2.8565214177285263
prapr_Cli_11_mutant-5,HelpFormatter,3.022814897091881
prapr_Csv_5_mutant-14,CSVFormat,3.3248326199744382
prapr_Csv_5_mutant-6,CSVFormat,2.6348914282003197
prapr_Csv_5_mutant-11,CSVFormat,2.636087324341924
prapr_Csv_5_mutant-13,CSVFormat,2.051671118567988
prapr_Csv_5_mutant-12,CSVFormat,4.4191066654188385
prapr_Csv_5_mutant-8,CSVFormat,2.476884109099936
prapr_Csv_5_mutant-1,CSVFormat,3.9660877380652577
prapr_Csv_5_mutant-10,CSVFormat,1.9948132176088382
prapr_Csv_5_mutant-7,CSVFormat,3.2449206943014035
prapr_Csv_5_mutant-2,CSVFormat,2.6348914282003197
prapr_Csv_5_mutant-4,CSVFormat,2.5626647579212083
prapr_Csv_5_mutant-3,CSVFormat,2.3944666672366797
prapr_Csv_5_mutant-15,CSVFormat,2.493984632756274
prapr_Csv_5_mutant-9,CSVFormat,4.331070414299508
prapr_Csv_5_mutant-5,CSVFormat,4.064690994916882
prapr_Csv_9_mutant-1,CSVRecord,2.300321790581554
prapr_Csv_11_mutant-14,CSVFormat,1.8672204998077095
prapr_Csv_11_mutant-6,CSVParser,2.871413485361309
prapr_Csv_11_mutant-11,CSVFormat,3.3869699904510147
prapr_Csv_11_mutant-13,CSVFormat,2.3968014805322735
prapr_Csv_11_mutant-12,CSVFormat,2.1202574193969745
prapr_Csv_11_mutant-8,CSVFormat,2.300424542176022
prapr_Csv_11_mutant-1,CSVFormat,3.0954474717859615
prapr_Csv_11_mutant-16,CSVParser,2.9696568428980044
prapr_Csv_11_mutant-10,CSVFormat,2.422915214324215
prapr_Csv_11_mutant-7,CSVFormat,2.5176270509969583
prapr_Csv_11_mutant-2,CSVFormat,2.3254138477617032
prapr_Csv_11_mutant-4,CSVFormat,2.3284466963830517
prapr_Csv_11_mutant-3,CSVFormat,2.290736974855152
prapr_Csv_11_mutant-15,CSVParser,3.0006489444990576
prapr_Csv_11_mutant-9,CSVFormat,2.505930573897725
prapr_Csv_11_mutant-5,CSVFormat,1.5904324128159395
prapr_Csv_15_mutant-6,CSVFormat,3.538078723239526
prapr_Csv_15_mutant-11,CSVFormat,2.517889705474255
prapr_Csv_15_mutant-13,CSVFormat,2.324383397765208
prapr_Csv_15_mutant-12,CSVFormat,2.377434018111758
prapr_Csv_15_mutant-8,CSVFormat,2.13126996158843
prapr_Csv_15_mutant-1,CSVFormat,2.383880715485893
prapr_Csv_15_mutant-10,CSVFormat,3.964646569308023
prapr_Csv_15_mutant-7,CSVFormat,2.706772894633606
prapr_Csv_15_mutant-2,CSVFormat,2.2399850294122676
prapr_Csv_15_mutant-4,CSVFormat,2.0119401058534248
prapr_Csv_15_mutant-3,CSVFormat,2.635625921884505
prapr_Csv_15_mutant-9,CSVFormat,2.503562609970842
prapr_Csv_15_mutant-5,CSVFormat,3.964646569308023
prapr_JxPath_21_mutant-1,ValueUtils,5.096818818571669
prapr_JxPath_21_mutant-2,ValueUtils,3.7474305242552495
prapr_JxPath_20_mutant-6,CoreOperationRelationalExpression,5.441878119153627
prapr_JxPath_20_mutant-2,CoreOperationRelationalExpression,3.210578734306494
prapr_JxPath_20_mutant-4,CoreOperationRelationalExpression,2.8107849274882377
prapr_JxPath_20_mutant-5,CoreOperationRelationalExpression,3.5306919639774574
prapr_JxPath_10_mutant-1,InfoSetUtil,4.066083552992583
prapr_JxPath_10_mutant-2,CoreOperationRelationalExpression,2.307767124138124
prapr_JxPath_10_mutant-4,InfoSetUtil,5.294405696773139
prapr_JxPath_10_mutant-3,InfoSetUtil,4.066083552992583
prapr_JxPath_12_mutant-1,JXPathContextReferenceImpl,1.8659268320504527
prapr_JxPath_22_mutant-14,DOMNodePointer,4.275492289942257
prapr_JxPath_22_mutant-6,DOMNodePointer,4.842821156078119
prapr_JxPath_22_mutant-11,DOMNodePointer,3.5434942114433303
prapr_JxPath_22_mutant-13,DOMNodePointer,2.4473231348628306
prapr_JxPath_22_mutant-21,DOMNodePointer,2.923961642683849
prapr_JxPath_22_mutant-12,DOMNodePointer,2.6998714416213576
prapr_JxPath_22_mutant-19,DOMNodePointer,6.732686324975552
prapr_JxPath_22_mutant-8,DOMNodePointer,2.85377246397846
prapr_JxPath_22_mutant-1,DOMNodePointer,2.7645691686269247
prapr_JxPath_22_mutant-16,DOMNodePointer,6.190211237644734
prapr_JxPath_22_mutant-22,DOMNodePointer,3.3386230723494266
prapr_JxPath_22_mutant-10,DOMNodePointer,4.842821156078119
prapr_JxPath_22_mutant-7,DOMNodePointer,2.831969084631402
prapr_JxPath_22_mutant-17,DOMNodePointer,7.270574984393381
prapr_JxPath_22_mutant-2,DOMNodePointer,6.091534005764346
prapr_JxPath_22_mutant-4,DOMNodePointer,4.121033096603213
prapr_JxPath_22_mutant-3,DOMNodePointer,5.887920311686207
prapr_JxPath_22_mutant-15,DOMNodePointer,4.234346443316446
prapr_JxPath_22_mutant-18,DOMNodePointer,5.811486325103465
prapr_JxPath_22_mutant-9,DOMNodePointer,3.251816965467936
prapr_JxPath_22_mutant-5,DOMNodePointer,2.917277824824876
prapr_JxPath_22_mutant-20,DOMNodePointer,5.2379285690173
prapr_JxPath_6_mutant-1,CoreOperationCompare,1.5256612698353953
prapr_JxPath_6_mutant-2,CoreOperationCompare,1.6895477955911313
prapr_JxPath_1_mutant-1,ContainerPointer,3.3105800469150126
prapr_JxPath_1_mutant-2,ContainerPointer,2.855356925394653
prapr_JxPath_1_mutant-4,ContainerPointer,1.9859379083571227
prapr_JxPath_1_mutant-3,ContainerPointer,2.6421892627141257
prapr_JxPath_13_mutant-1,DOMNodePointer,5.79659611104767
prapr_JxPath_13_mutant-2,DOMNodePointer,6.158380530430691
