Dcorrect_Jaid_Math_50_1,buggy1,3.4746514468127905
Dcorrect_Jaid_Math_5_2,buggy1,2.697345635205955
Dcorrect_Jaid_Math_5_3,buggy1,3.080692546759674
Dcorrect_Jaid_Math_5_1,buggy1,2.920804375595451
Dcorrect_Jaid_Math_32_1,buggy1,5.66286680982457
Dcorrect_Jaid_Math_53_2,buggy1,2.8456179546967744
Dcorrect_Jaid_Math_53_1,buggy1,2.7175634420945487
Dcorrect_Jaid_Math_82_1,buggy1,1.2466213823533363
Dcorrect_Jaid_Math_85_1,buggy1,1.7149182129970415
Dcorrect_Jaid_Math_80_2,buggy1,3.548005794441971
Dcorrect_Jaid_Math_80_1,buggy1,2.602613795676531
Dcorrect_Jaid_Lang_45_1,buggy1,2.4631226836625206
Dcorrect_Jaid_Lang_51_2,buggy1,3.02461998534326
Dcorrect_Jaid_Lang_51_4,buggy1,2.528436888395102
Dcorrect_Jaid_Lang_51_3,buggy1,2.3361149690143477
Dcorrect_Jaid_Lang_51_6,buggy1,2.540167647715465
Dcorrect_Jaid_Lang_51_1,buggy1,2.6383049856324368
Dcorrect_Jaid_Lang_51_5,buggy1,2.2868365603051766
Dcorrect_Jaid_Lang_33_2,buggy1,1.5394621982782049
Dcorrect_Jaid_Lang_33_1,buggy1,2.6823611906392655
Dcorrect_Jaid_Lang_55_1,buggy1,3.8633910383225953
Dcorrect_Jaid_Lang_38_2,buggy1,4.774601457721159
Dcorrect_Jaid_Lang_38_4,buggy1,3.067091410120283
Dcorrect_Jaid_Lang_38_3,buggy1,3.0957708527975867
Dcorrect_Jaid_Lang_38_1,buggy1,4.4525150509232825
Dcorrect_Jaid_Closure_18_1,buggy1,4.318704927336648
Dcorrect_Jaid_Closure_62_1,buggy1,1.9991915386909207
Dcorrect_Jaid_Closure_70_1,buggy1,2.2892500863821392
Dcorrect_Jaid_Closure_126_1,buggy1,3.745946683048983
Dcorrect_Jaid_Closure_73_1,buggy1,2.0980162750357065
Dcorrect_Jaid_Closure_33_1,buggy1,4.681940058301053
Dcorrect_Jaid_Closure_63_1,buggy1,1.6750122802562584
Dcorrect_Jaid_Closure_40_1,buggy1,1.3849383083556395
Dcorrect_Jaid_Closure_31_1,buggy1,11.730085752654295
Dcorrect_Jaid_Chart_26_2,buggy1,2.0874206856305104
Dcorrect_Jaid_Chart_26_3,buggy1,3.6907333106516695
Dcorrect_Jaid_Chart_26_1,buggy1,2.0103940995105334
Dcorrect_Jaid_Chart_1_1,buggy1,2.5270419964160578
Dcorrect_Jaid_Chart_9_2,buggy1,2.9912179124965546
Dcorrect_Jaid_Chart_9_1,buggy1,2.7922069698454037
Dcorrect_Jaid_Chart_24_2,buggy1,2.8160889577140322
Dcorrect_Jaid_Chart_24_1,buggy1,5.424422387552083
Dcorrect_SOFix_Math_50_1,buggy1,23.025850929940457
Dcorrect_SOFix_Math_57_1,buggy1,3.3841766917019953
Dcorrect_SOFix_Math_70_1,buggy1,3.3768368315675286
Dcorrect_SOFix_Math_75_1,buggy1,1.4487437080759635
Dcorrect_SOFix_Math_59_1,buggy1,0.7950182096600387
Dcorrect_SOFix_Math_5_1,buggy1,5.105819918246939
Dcorrect_SOFix_Math_33_1,buggy1,2.5822494925220694
Dcorrect_SOFix_Math_82_1,buggy1,1.2466213823533363
Dcorrect_SOFix_Math_58_1,buggy1,4.693632757815998
Dcorrect_SOFix_Math_85_1,buggy1,1.8214750225909113
Dcorrect_SOFix_Math_80_1,buggy1,3.249858331057857
Dcorrect_SOFix_Math_34_1,buggy1,2.4513338460483434
Dcorrect_SOFix_Lang_51_1,buggy1,4.186838923669489
Dcorrect_SOFix_Lang_6_1,buggy1,1.5069428327407743
Dcorrect_SOFix_Lang_59_1,buggy1,1.5572830542857028
Dcorrect_SOFix_Time_19_1,buggy1,2.326333226511998
Dcorrect_SOFix_Chart_26_1,buggy1,2.0844044086176723
Dcorrect_SOFix_Chart_4_1,buggy1,2.1500378739848465
Dcorrect_SOFix_Chart_1_1,buggy1,2.5270419964160578
Dcorrect_SOFix_Chart_24_1,buggy1,1.9141853250662109
Dcorrect_SOFix_Chart_11_1,buggy1,1.0528496408779469
Dcorrect_SketchFix_Math_50_1,buggy1,7.02365604691008
Dcorrect_SketchFix_Math_70_1,buggy1,1.8128353141025415
Dcorrect_SketchFix_Math_59_1,buggy1,0.7950182096600387
Dcorrect_SketchFix_Math_5_1,buggy1,5.105819918246939
Dcorrect_SketchFix_Math_33_1,buggy1,2.5822494925220694
Dcorrect_SketchFix_Math_82_1,buggy1,1.2466213823533363
Dcorrect_SketchFix_Lang_6_1,buggy1,1.5069428327407743
Dcorrect_SketchFix_Lang_59_1,buggy1,1.5572830542857028
Dcorrect_SketchFix_Closure_14_1,buggy1,4.017308607723741
Dcorrect_SketchFix_Closure_126_1,buggy1,2.9243279497508703
Dcorrect_SketchFix_Chart_20_1,buggy1,1.6633196230933567
Dcorrect_SketchFix_Chart_8_1,buggy1,1.391517553344091
Dcorrect_SketchFix_Chart_1_1,buggy1,2.5270419964160578
Dcorrect_SketchFix_Chart_9_1,buggy1,2.216819468662886
Dcorrect_SketchFix_Chart_24_1,buggy1,1.5111183863502626
Dcorrect_SketchFix_Chart_11_1,buggy1,1.0898261061998793
Dcorrect_SequenceR_Math_57_1,buggy1,3.3841766917019953
Dcorrect_SequenceR_Math_75_1,buggy1,2.469113009821394
Dcorrect_SequenceR_Math_5_1,buggy1,4.3729764564988205
Dcorrect_SequenceR_Math_30_1,buggy1,1.20876857479191
Dcorrect_SequenceR_Math_82_2,buggy1,2.785604470507816
Dcorrect_SequenceR_Math_82_1,buggy1,2.7671080253517166
Dcorrect_SequenceR_Math_58_1,buggy1,4.693632757815998
Dcorrect_SequenceR_Math_85_1,buggy1,2.9640667247014747
Dcorrect_SequenceR_Lang_6_1,buggy1,1.757253249745115
Dcorrect_SequenceR_Lang_59_1,buggy1,2.4549736243679634
Dcorrect_SequenceR_Closure_86_1,buggy1,5.288849865596456
Dcorrect_SequenceR_Closure_18_1,buggy1,5.04312814495706
Dcorrect_SequenceR_Closure_73_2,buggy1,3.330265949309703
Dcorrect_SequenceR_Closure_73_1,buggy1,4.003093195541505
Dcorrect_SequenceR_Chart_1_1,buggy1,3.525042994415335
Dcorrect_SequenceR_Chart_9_1,buggy1,2.039409122760119
Dcorrect_SequenceR_Chart_11_1,buggy1,1.0898261061998793
Dcorrect_CapGen_Math_57_1,buggy1,3.3841766917019953
Dcorrect_CapGen_Math_65_1,buggy1,1.8817386255793191
Dcorrect_CapGen_Math_70_1,buggy1,3.3768368315675286
Dcorrect_CapGen_Math_75_1,buggy1,1.4487437080759635
Dcorrect_CapGen_Math_59_1,buggy1,0.7950182096600387
Dcorrect_CapGen_Math_5_1,buggy1,3.144865459390395
Dcorrect_CapGen_Math_33_1,buggy1,2.5822494925220694
Dcorrect_CapGen_Math_30_1,buggy1,0.31865369427227885
Dcorrect_CapGen_Math_53_2,buggy1,3.010148190318643
Dcorrect_CapGen_Math_53_1,buggy1,2.898698290390143
Dcorrect_CapGen_Math_58_1,buggy1,6.130661066388462
Dcorrect_CapGen_Math_85_1,buggy1,1.8214750225909113
Dcorrect_CapGen_Math_63_1,buggy1,2.9393742259158446
Dcorrect_CapGen_Math_80_1,buggy1,3.249858331057857
Dcorrect_CapGen_Lang_43_2,buggy1,4.4344500542948895
Dcorrect_CapGen_Lang_43_3,buggy1,3.205216068464712
Dcorrect_CapGen_Lang_43_1,buggy1,4.417484076993265
Dcorrect_CapGen_Lang_26_1,buggy1,2.668434019137457
Dcorrect_CapGen_Lang_57_2,buggy1,2.526470395632763
Dcorrect_CapGen_Lang_57_3,buggy1,2.77916795782399
Dcorrect_CapGen_Lang_57_1,buggy1,2.4684413024440484
Dcorrect_CapGen_Lang_6_1,buggy1,1.5069428327407743
Dcorrect_CapGen_Lang_59_1,buggy1,1.5572830542857028
Dcorrect_CapGen_Chart_8_1,buggy1,1.391517553344091
Dcorrect_CapGen_Chart_1_1,buggy1,2.5270419964160578
Dcorrect_CapGen_Chart_24_1,buggy1,1.5111183863502626
Dcorrect_CapGen_Chart_11_2,buggy1,1.0898261061998793
Dcorrect_CapGen_Chart_11_1,buggy1,1.0528496408779469
Doverfitting_Jaid_Math_50_3,buggy1,3.6186861460398774
Doverfitting_Jaid_Math_50_1,buggy1,3.6492859838797704
Doverfitting_Jaid_Math_32_1,buggy1,4.797627370040087
Doverfitting_Jaid_Math_53_2,buggy1,3.6728655508154584
Doverfitting_Jaid_Math_53_3,buggy1,3.0742182883163993
Doverfitting_Jaid_Math_53_1,buggy1,2.8951411562690206
Doverfitting_Jaid_Math_82_2,buggy1,3.093954247229202
Doverfitting_Jaid_Math_82_4,buggy1,4.101953951231365
Doverfitting_Jaid_Math_82_3,buggy1,2.627522273269748
Doverfitting_Jaid_Math_82_1,buggy1,2.6533764820829515
Doverfitting_Jaid_Math_85_2,buggy1,2.180398508002339
Doverfitting_Jaid_Math_85_4,buggy1,2.312382177863009
Doverfitting_Jaid_Math_85_3,buggy1,3.478760859592689
Doverfitting_Jaid_Math_85_1,buggy1,2.0907370640230076
Doverfitting_Jaid_Math_80_2,buggy1,2.0107798941209842
Doverfitting_Jaid_Math_80_3,buggy1,3.1912251756218755
Doverfitting_Jaid_Math_80_1,buggy1,3.427478671683009
Doverfitting_Jaid_Lang_45_2,buggy1,2.798078005434251
Doverfitting_Jaid_Lang_45_1,buggy1,2.8390852706506076
Doverfitting_Jaid_Lang_51_2,buggy1,2.6065944626637694
Doverfitting_Jaid_Lang_51_3,buggy1,2.837557585493
Doverfitting_Jaid_Lang_51_1,buggy1,2.88222960229696
Doverfitting_Jaid_Lang_55_2,buggy1,2.6856608028134477
Doverfitting_Jaid_Lang_55_3,buggy1,2.3478137865049784
Doverfitting_Jaid_Lang_55_1,buggy1,2.913887617755392
Doverfitting_Jaid_Lang_61_2,buggy1,2.1320095650601063
Doverfitting_Jaid_Lang_61_1,buggy1,2.1271179179930817
Doverfitting_Jaid_Closure_62_1,buggy1,2.133970456709699
Doverfitting_Jaid_Closure_33_2,buggy1,2.9482824739458353
Doverfitting_Jaid_Closure_33_1,buggy1,2.780226298463071
Doverfitting_Jaid_Closure_63_1,buggy1,2.133970456709699
Doverfitting_Jaid_Chart_26_2,buggy1,2.124514704457168
Doverfitting_Jaid_Chart_26_1,buggy1,6.859654814159352
Doverfitting_Jaid_Chart_1_2,buggy1,3.691429614902587
Doverfitting_Jaid_Chart_1_3,buggy1,7.411234205692659
Doverfitting_Jaid_Chart_1_1,buggy1,3.8808135434780655
Doverfitting_Jaid_Chart_9_2,buggy1,3.125909200174204
Doverfitting_Jaid_Chart_9_3,buggy1,2.8323811322998576
Doverfitting_Jaid_Chart_9_1,buggy1,3.315517251535988
Doverfitting_SOFix_Math_2_2,buggy1,2.430050425284473
Doverfitting_SOFix_Math_2_1,buggy1,3.014406076350966
Doverfitting_SketchFix_Math_70_2,buggy1,1.7961476454746559
Doverfitting_SketchFix_Math_70_1,buggy1,1.7961476454746559
Doverfitting_SketchFix_Math_33_1,buggy1,5.876068874005098
Doverfitting_SketchFix_Math_82_2,buggy1,2.5629361890175315
Doverfitting_SketchFix_Math_82_1,buggy1,2.0084537938035
Doverfitting_SketchFix_Chart_1_2,buggy1,4.632555482260989
Doverfitting_SketchFix_Chart_1_1,buggy1,6.2137222023740595
Doverfitting_SequenceR_Math_59_1,buggy1,2.4229157653694053
Doverfitting_SequenceR_Math_82_3,buggy1,2.553987877393223
Doverfitting_SequenceR_Math_85_17,buggy1,2.658644784585401
Doverfitting_SequenceR_Math_85_2,buggy1,3.412801962057481
Doverfitting_SequenceR_Math_85_10,buggy1,2.7506846860225194
Doverfitting_SequenceR_Math_85_12,buggy1,3.0094153025060013
Doverfitting_SequenceR_Math_85_14,buggy1,3.271543713545624
Doverfitting_SequenceR_Math_85_4,buggy1,3.8094455671168475
Doverfitting_SequenceR_Math_85_3,buggy1,4.293338095240376
Doverfitting_SequenceR_Math_85_8,buggy1,2.885254872979613
Doverfitting_SequenceR_Math_85_16,buggy1,2.887979722770624
Doverfitting_SequenceR_Math_85_6,buggy1,2.530930535213707
Doverfitting_SequenceR_Math_85_5,buggy1,4.522469231093305
Doverfitting_SequenceR_Math_85_9,buggy1,2.4688536241779904
Doverfitting_SequenceR_Math_85_13,buggy1,2.72023769899755
Doverfitting_SequenceR_Math_85_7,buggy1,2.4519889983674283
Doverfitting_SequenceR_Math_85_11,buggy1,2.6318014063986332
Doverfitting_SequenceR_Math_85_15,buggy1,3.1428318288334487
Doverfitting_SequenceR_Math_63_1,buggy1,3.2291686709199996
Doverfitting_SequenceR_Math_80_1,buggy1,7.000809012892525
Doverfitting_SequenceR_Lang_6_2,buggy1,1.9935567383638992
Doverfitting_SequenceR_Closure_86_2,buggy1,4.602786096650905
Doverfitting_SequenceR_Closure_86_4,buggy1,6.749345058836684
Doverfitting_SequenceR_Closure_86_3,buggy1,3.2517179650811414
Doverfitting_SequenceR_Closure_86_5,buggy1,3.7021366832615974
Doverfitting_SequenceR_Closure_18_4,buggy1,3.3144027169602883
Doverfitting_SequenceR_Closure_18_3,buggy1,3.996655140286795
Doverfitting_SequenceR_Closure_18_1,buggy1,5.65453619229727
Doverfitting_SequenceR_Closure_18_5,buggy1,4.437975383138512
Doverfitting_SequenceR_Closure_123_1,buggy1,3.9995659621391613
Doverfitting_SequenceR_Closure_93_2,buggy1,8.345085788076387
Doverfitting_SequenceR_Closure_93_10,buggy1,6.180831278209441
Doverfitting_SequenceR_Closure_93_4,buggy1,6.430636613892097
Doverfitting_SequenceR_Closure_93_3,buggy1,5.74576071226064
Doverfitting_SequenceR_Closure_93_8,buggy1,4.804950876067474
Doverfitting_SequenceR_Closure_93_6,buggy1,6.45830545460625
Doverfitting_SequenceR_Closure_93_1,buggy1,4.752981735904087
Doverfitting_SequenceR_Closure_93_5,buggy1,6.929409323027036
Doverfitting_SequenceR_Closure_93_9,buggy1,6.602527755141534
Doverfitting_SequenceR_Closure_92_2,buggy1,8.345085788076387
Doverfitting_SequenceR_Closure_92_10,buggy1,6.180831278209441
Doverfitting_SequenceR_Closure_92_4,buggy1,6.430636613892097
Doverfitting_SequenceR_Closure_92_3,buggy1,5.74576071226064
Doverfitting_SequenceR_Closure_92_8,buggy1,4.804950876067474
Doverfitting_SequenceR_Closure_92_6,buggy1,6.45830545460625
Doverfitting_SequenceR_Closure_92_1,buggy1,4.752981735904087
Doverfitting_SequenceR_Closure_92_5,buggy1,6.929409323027036
Doverfitting_SequenceR_Closure_92_9,buggy1,6.602527755141534
Doverfitting_SequenceR_Closure_92_7,buggy1,6.915156473250541
Doverfitting_SequenceR_Closure_73_1,buggy1,3.5429841229247283
Doverfitting_SequenceR_Closure_38_2,buggy1,3.7417096208367906
Doverfitting_SequenceR_Closure_38_3,buggy1,3.944864200133537
Doverfitting_SequenceR_Closure_38_1,buggy1,4.0471097080752285
Doverfitting_SequenceR_Chart_1_2,buggy1,3.034385760169247
Doverfitting_SequenceR_Chart_1_4,buggy1,3.523262103067187
Doverfitting_SequenceR_Chart_1_3,buggy1,3.455698236267343
Doverfitting_CapGen_Math_5_2,buggy1,3.5719363174873178
Doverfitting_CapGen_Math_5_3,buggy1,3.6199140815890543
Doverfitting_CapGen_Math_5_1,buggy1,2.8933146310567883
Doverfitting_CapGen_Math_85_2,buggy1,2.9089817700091665
Doverfitting_CapGen_Math_85_3,buggy1,1.2601074527856237
Doverfitting_CapGen_Math_85_1,buggy1,3.9363816588533127
Doverfitting_CapGen_Math_63_2,buggy1,2.330278471631087
Doverfitting_CapGen_Math_63_4,buggy1,2.803145790943577
Doverfitting_CapGen_Math_63_3,buggy1,2.4009502335604895
Doverfitting_CapGen_Math_63_8,buggy1,2.82021640974233
Doverfitting_CapGen_Math_63_6,buggy1,1.8963957020348023
Doverfitting_CapGen_Math_63_1,buggy1,2.718156390417388
Doverfitting_CapGen_Math_63_5,buggy1,1.9446551654041295
Doverfitting_CapGen_Math_63_7,buggy1,1.7678683980285865
Doverfitting_CapGen_Math_80_2,buggy1,4.1005335895994
Doverfitting_CapGen_Math_80_10,buggy1,2.053661584280037
Doverfitting_CapGen_Math_80_4,buggy1,2.511206012201634
Doverfitting_CapGen_Math_80_3,buggy1,2.3825920846950623
Doverfitting_CapGen_Math_80_8,buggy1,2.6949615389498978
Doverfitting_CapGen_Math_80_6,buggy1,2.460169499070524
Doverfitting_CapGen_Math_80_1,buggy1,1.938923060336475
Doverfitting_CapGen_Math_80_5,buggy1,1.9077709387598827
Doverfitting_CapGen_Math_80_9,buggy1,1.941333273344117
Doverfitting_CapGen_Math_80_7,buggy1,4.264018137933348
Doverfitting_CapGen_Lang_43_1,buggy1,3.314986524204384
Doverfitting_CapGen_Lang_59_2,buggy1,5.712397083615643
Doverfitting_CapGen_Lang_59_10,buggy1,4.864640068151207
Doverfitting_CapGen_Lang_59_12,buggy1,4.265331925097048
Doverfitting_CapGen_Lang_59_4,buggy1,3.0526639162226186
Doverfitting_CapGen_Lang_59_3,buggy1,4.071028410916104
Doverfitting_CapGen_Lang_59_8,buggy1,5.043630931509276
Doverfitting_CapGen_Lang_59_6,buggy1,3.5245638315294214
Doverfitting_CapGen_Lang_59_1,buggy1,6.149355400580515
Doverfitting_CapGen_Lang_59_5,buggy1,2.9427941177711143
Doverfitting_CapGen_Lang_59_9,buggy1,4.759783759746592
Doverfitting_CapGen_Lang_59_13,buggy1,4.11088480740073
Doverfitting_CapGen_Lang_59_7,buggy1,4.213565645919058
Doverfitting_CapGen_Lang_59_11,buggy1,4.673562387627197
Patches_ICSE_Dcorrect_AVATAR_Math_4,buggy1,1.3554204273780002
Patches_ICSE_Dcorrect_AVATAR_Math_59,buggy1,0.7950182096600387
Patches_ICSE_Dcorrect_AVATAR_Math_89,buggy1,2.6258712170276906
Patches_ICSE_Dcorrect_AVATAR_Lang_57,buggy1,2.144814660437377
Patches_ICSE_Dcorrect_AVATAR_Lang_10,buggy1,13.073755851393981
Patches_ICSE_Dcorrect_AVATAR_Lang_6,buggy1,1.5069428327407743
Patches_ICSE_Dcorrect_AVATAR_Lang_7,buggy1,12.496266280967072
Patches_ICSE_Dcorrect_AVATAR_Closure_2,buggy1,1.6305776129563265
Patches_ICSE_Dcorrect_AVATAR_Closure_46,buggy1,8.842642454563604
Patches_ICSE_Dcorrect_AVATAR_Closure_62,buggy1,1.6750122802562584
Patches_ICSE_Dcorrect_AVATAR_Closure_73,buggy1,2.0980162750357065
Patches_ICSE_Dcorrect_AVATAR_Closure_115,buggy1,14.675706642639279
Patches_ICSE_Dcorrect_AVATAR_Closure_63,buggy1,1.6750122802562584
Patches_ICSE_Dcorrect_AVATAR_Closure_38,buggy1,3.150958082590486
Patches_ICSE_Dcorrect_AVATAR_Chart_19,buggy1,1.9046594541668203
Patches_ICSE_Dcorrect_AVATAR_Chart_4,buggy1,1.437204482772928
Patches_ICSE_Dcorrect_AVATAR_Chart_1,buggy1,2.5270419964160578
Patches_ICSE_Dcorrect_AVATAR_Chart_24,buggy1,1.5111183863502626
Patches_ICSE_Dcorrect_AVATAR_Chart_11,buggy1,1.0528496408779469
Patches_ICSE_Dcorrect_jKali_Math_50,buggy1,4.482762858836819
Patches_ICSE_Dcorrect_jKali_Lang_10,buggy1,6.76501288570481
Patches_ICSE_Dcorrect_jKali_Closure_126,buggy1,3.745946683048983
Patches_ICSE_Dcorrect_TBar_Math_79,buggy1,4.498454899045379
Patches_ICSE_Dcorrect_TBar_Math_57,buggy1,3.3841766917019953
Patches_ICSE_Dcorrect_TBar_Math_65,buggy1,1.0605122512094183
Patches_ICSE_Dcorrect_TBar_Math_70,buggy1,1.8128353141025415
Patches_ICSE_Dcorrect_TBar_Math_75,buggy1,1.4487437080759635
Patches_ICSE_Dcorrect_TBar_Math_5,buggy1,5.105819918246939
Patches_ICSE_Dcorrect_TBar_Math_89,buggy1,2.6258712170276906
Patches_ICSE_Dcorrect_TBar_Math_11,buggy1,1.793348412915802
Patches_ICSE_Dcorrect_TBar_Lang_47,buggy1,2.6732891721819136
Patches_ICSE_Dcorrect_TBar_Lang_57,buggy1,1.9647112868966552
Patches_ICSE_Dcorrect_TBar_Lang_10,buggy1,13.073755851393981
Patches_ICSE_Dcorrect_TBar_Lang_59,buggy1,1.5572830542857028
Patches_ICSE_Dcorrect_TBar_Lang_33,buggy1,1.7916972639654598
Patches_ICSE_Dcorrect_TBar_Lang_7,buggy1,1.5374608977158446
Patches_ICSE_Dcorrect_TBar_Closure_62,buggy1,1.6750122802562584
Patches_ICSE_Dcorrect_TBar_Closure_73,buggy1,2.0980162750357065
Patches_ICSE_Dcorrect_TBar_Closure_63,buggy1,1.6750122802562584
Patches_ICSE_Dcorrect_TBar_Chart_19,buggy1,1.9046594541668203
Patches_ICSE_Dcorrect_TBar_Chart_20,buggy1,1.6633196230933567
Patches_ICSE_Dcorrect_TBar_Chart_4,buggy1,1.437204482772928
Patches_ICSE_Dcorrect_TBar_Chart_1,buggy1,2.5270419964160578
Patches_ICSE_Dcorrect_TBar_Chart_9,buggy1,2.2319164461589027
Patches_ICSE_Dcorrect_TBar_Chart_24,buggy1,1.5111183863502626
Patches_ICSE_Dcorrect_TBar_Chart_11,buggy1,1.0528496408779469
Patches_ICSE_Dcorrect_Nopol_Lang_46,buggy1,1.4493939745474
Patches_ICSE_Dcorrect_DynaMoth_Math_50,buggy1,2.6792400263292464
Patches_ICSE_Dcorrect_jMutRepair_Math_82,buggy1,1.2466213823533363
Patches_ICSE_Dcorrect_jMutRepair_Math_85,buggy1,1.7149182129970415
Patches_ICSE_Dcorrect_jMutRepair_Closure_62,buggy1,1.7146519749362428
Patches_ICSE_Dcorrect_jMutRepair_Closure_63,buggy1,1.7146519749362428
Patches_ICSE_Dcorrect_jMutRepair_Chart_1,buggy1,2.5270419964160578
Patches_ICSE_Dcorrect_kPAR_Math_70,buggy1,1.8128353141025415
Patches_ICSE_Dcorrect_kPAR_Math_75,buggy1,1.4487437080759635
Patches_ICSE_Dcorrect_kPAR_Math_89,buggy1,2.6258712170276906
Patches_ICSE_Dcorrect_kPAR_Math_58,buggy1,4.693632757815998
Patches_ICSE_Dcorrect_kPAR_Lang_7,buggy1,1.5374608977158446
Patches_ICSE_Dcorrect_kPAR_Closure_73,buggy1,2.0980162750357065
Patches_ICSE_Dcorrect_kPAR_Closure_40,buggy1,1.3849383083556395
Patches_ICSE_Dcorrect_kPAR_Chart_19,buggy1,1.9046594541668203
Patches_ICSE_Dcorrect_kPAR_Chart_4,buggy1,1.437204482772928
Patches_ICSE_Dcorrect_kPAR_Chart_1,buggy1,2.5270419964160578
Patches_ICSE_Dcorrect_FixMiner_Math_79,buggy1,4.498454899045379
Patches_ICSE_Dcorrect_FixMiner_Math_57,buggy1,3.3841766917019953
Patches_ICSE_Dcorrect_FixMiner_Math_70,buggy1,1.8128353141025415
Patches_ICSE_Dcorrect_FixMiner_Math_22,buggy1,3.9661768427997743
Patches_ICSE_Dcorrect_FixMiner_Math_75,buggy1,1.4487437080759635
Patches_ICSE_Dcorrect_FixMiner_Math_30,buggy1,0.31865369427227885
Patches_ICSE_Dcorrect_FixMiner_Math_34,buggy1,2.131263381868787
Patches_ICSE_Dcorrect_FixMiner_Chart_19,buggy1,1.9046594541668203
Patches_ICSE_Dcorrect_FixMiner_Chart_4,buggy1,1.437204482772928
Patches_ICSE_Dcorrect_FixMiner_Chart_1,buggy1,2.5270419964160578
Patches_ICSE_Dcorrect_FixMiner_Chart_24,buggy1,1.40690414998989
Patches_ICSE_Dcorrect_FixMiner_Chart_11,buggy1,1.0528496408779469
Patches_ICSE_Dcorrect_Kali_Math_50,buggy1,5.291478069100676
Patches_ICSE_Dcorrect_Kali_Closure_126,buggy1,3.745946683048983
Patches_ICSE_Dcorrect_Kali_Closure_115,buggy1,4.01225656918893
Patches_ICSE_Dcorrect_jGenProg_Math_70,buggy1,1.8128353141025415
Patches_ICSE_Dcorrect_jGenProg_Math_5,buggy1,1.481545055891471
Patches_ICSE_Dcorrect_jGenProg_Math_53,buggy1,1.4439643926626125
Patches_ICSE_Dcorrect_SimFix_Math_79,buggy1,4.498454899045379
Patches_ICSE_Dcorrect_SimFix_Math_71,buggy1,2.3284502982135247
Patches_ICSE_Dcorrect_SimFix_Math_57,buggy1,3.3841766917019953
Patches_ICSE_Dcorrect_SimFix_Math_70,buggy1,1.8128353141025415
Patches_ICSE_Dcorrect_SimFix_Math_41,buggy1,1.122660754724507
Patches_ICSE_Dcorrect_SimFix_Math_75,buggy1,1.4487437080759635
Patches_ICSE_Dcorrect_SimFix_Math_59,buggy1,0.7950182096600387
Patches_ICSE_Dcorrect_SimFix_Math_5,buggy1,5.105819918246939
Patches_ICSE_Dcorrect_SimFix_Math_53,buggy1,2.216094134251067
Patches_ICSE_Dcorrect_SimFix_Lang_43,buggy1,3.205216068464712
Patches_ICSE_Dcorrect_SimFix_Lang_39,buggy1,1.0889921756697838
Patches_ICSE_Dcorrect_SimFix_Lang_33,buggy1,1.0603919065249683
Patches_ICSE_Dcorrect_SimFix_Lang_58,buggy1,1.6215281495533493
Patches_ICSE_Dcorrect_SimFix_Closure_68,buggy1,7.246751869875155
Patches_ICSE_Dcorrect_SimFix_Closure_62,buggy1,1.6750122802562584
Patches_ICSE_Dcorrect_SimFix_Closure_6,buggy1,2.7158039226431567
Patches_ICSE_Dcorrect_SimFix_Closure_73,buggy1,2.0980162750357065
Patches_ICSE_Dcorrect_SimFix_Closure_115,buggy1,3.3242705665876855
Patches_ICSE_Dcorrect_SimFix_Closure_63,buggy1,1.6750122802562584
Patches_ICSE_Dcorrect_SimFix_Chart_20,buggy1,4.200587688226151
Patches_ICSE_Dcorrect_SimFix_Chart_1,buggy1,2.5270419964160578
Patches_ICSE_Dcorrect_SimFix_Chart_7,buggy1,0.7089282541695827
Patches_ICSE_Dcorrect_GenProg_Closure_126,buggy1,9.598013018582227
Patches_ICSE_Dcorrect_GenProg_Closure_115,buggy1,13.331144681145117
Patches_ICSE_Dcorrect_RSRepair_Closure_126,buggy1,10.992400439950755
Patches_ICSE_Dcorrect_RSRepair_Closure_115,buggy1,11.185945674070759
Patches_ICSE_Dcorrect_Cardumen_Math_70,buggy1,1.8128353141025415
Patches_ICSE_Dcorrect_Cardumen_Chart_11,buggy1,1.0528496408779469
Patches_ICSE_Dcorrect_ACS_Math_90,buggy1,3.342906052353917
Patches_ICSE_Dcorrect_ACS_Math_25,buggy1,4.178247167568555
Patches_ICSE_Dcorrect_ACS_Math_99,buggy1,1.8257524796032607
Patches_ICSE_Dcorrect_ACS_Math_35,buggy1,1.910047208106934
Patches_ICSE_Dcorrect_ACS_Math_3,buggy1,2.3816659619904983
Patches_ICSE_Dcorrect_ACS_Math_5,buggy1,3.2055751518822806
Patches_ICSE_Dcorrect_ACS_Math_89,buggy1,2.4885303839963853
Patches_ICSE_Dcorrect_ACS_Math_82,buggy1,2.0196403383318184
Patches_ICSE_Dcorrect_ACS_Math_85,buggy1,3.740584979560262
Patches_ICSE_Dcorrect_ACS_Math_61,buggy1,3.404862540552742
Patches_ICSE_Dcorrect_ACS_Lang_24,buggy1,4.9587422270701165
Patches_ICSE_Dcorrect_ACS_Lang_7,buggy1,2.844491058621242
Patches_ICSE_Dcorrect_ACS_Time_15,buggy1,2.6738793768369287
Patches_ICSE_Dcorrect_ACS_Chart_19,buggy1,2.115613702719564
Patches_ICSE_Dcorrect_ACS_Chart_14,buggy1,1.0244507697832477
Patches_ICSE_Dcorrect_Arja_Math_98,buggy1,1.5612212853765708
Patches_ICSE_Dcorrect_Arja_Math_58,buggy1,4.693632757815998
Patches_ICSE_Dcorrect_Arja_Closure_126,buggy1,12.207642143524431
Patches_ICSE_Dcorrect_Arja_Closure_115,buggy1,13.331144681145117
Patches_ICSE_Dcorrect_Arja_Chart_12,buggy1,4.580994939844913
Patches_ICSE_Doverfitting_AVATAR_Math_95,buggy1,5.760801098297375
Patches_ICSE_Doverfitting_AVATAR_Math_49,buggy1,2.824089361303489
Patches_ICSE_Doverfitting_AVATAR_Math_50,buggy1,3.3907159949000385
Patches_ICSE_Doverfitting_AVATAR_Math_2,buggy1,3.776213295305474
Patches_ICSE_Doverfitting_AVATAR_Math_57,buggy1,2.0449669914281805
Patches_ICSE_Doverfitting_AVATAR_Math_104,buggy1,2.0706890605001416
Patches_ICSE_Doverfitting_AVATAR_Math_62,buggy1,2.4440915418702467
Patches_ICSE_Doverfitting_AVATAR_Math_6,buggy1,3.3502610619001394
Patches_ICSE_Doverfitting_AVATAR_Math_82,buggy1,1.0538151763476857
Patches_ICSE_Doverfitting_AVATAR_Math_84,buggy1,1.4673674938227386
Patches_ICSE_Doverfitting_AVATAR_Math_88,buggy1,1.8621505878609481
Patches_ICSE_Doverfitting_AVATAR_Math_81,buggy1,2.851435328961733
Patches_ICSE_Doverfitting_AVATAR_Math_78,buggy1,1.7189936157768824
Patches_ICSE_Doverfitting_AVATAR_Math_80,buggy1,3.8347915184458587
Patches_ICSE_Doverfitting_AVATAR_Lang_20,buggy1,4.629679451010316
Patches_ICSE_Doverfitting_AVATAR_Lang_51,buggy1,7.956581742593982
Patches_ICSE_Doverfitting_AVATAR_Lang_22,buggy1,2.452363488511671
Patches_ICSE_Doverfitting_AVATAR_Lang_59,buggy1,4.479898496598239
Patches_ICSE_Doverfitting_AVATAR_Lang_39,buggy1,1.5929148971330178
Patches_ICSE_Doverfitting_AVATAR_Lang_58,buggy1,10.8452395109464
Patches_ICSE_Doverfitting_AVATAR_Lang_13,buggy1,0.7626347822630065
Patches_ICSE_Doverfitting_AVATAR_Lang_27,buggy1,2.8533777292843316
Patches_ICSE_Doverfitting_AVATAR_Lang_63,buggy1,3.6585246999352847
Patches_ICSE_Doverfitting_AVATAR_Closure_66,buggy1,6.065412572993959
Patches_ICSE_Doverfitting_AVATAR_Closure_21,buggy1,2.9984026412390836
Patches_ICSE_Doverfitting_AVATAR_Closure_48,buggy1,6.304282210318084
Patches_ICSE_Doverfitting_AVATAR_Closure_45,buggy1,4.282913002905799
Patches_ICSE_Doverfitting_AVATAR_Closure_12,buggy1,3.5462655376707954
Patches_ICSE_Doverfitting_AVATAR_Closure_22,buggy1,3.124883042692176
Patches_ICSE_Doverfitting_AVATAR_Closure_126,buggy1,2.3366680959663024
Patches_ICSE_Doverfitting_AVATAR_Closure_108,buggy1,4.171173840142525
Patches_ICSE_Doverfitting_AVATAR_Chart_25,buggy1,8.075017867057111
Patches_ICSE_Doverfitting_AVATAR_Chart_26,buggy1,6.0596364952510084
Patches_ICSE_Doverfitting_AVATAR_Chart_14,buggy1,4.3512256688412005
Patches_ICSE_Doverfitting_AVATAR_Chart_5,buggy1,2.161150569960668
Patches_ICSE_Doverfitting_AVATAR_Chart_13,buggy1,11.43268506396104
Patches_ICSE_Doverfitting_AVATAR_Chart_7,buggy1,3.920561384208727
Patches_ICSE_Doverfitting_AVATAR_Chart_15,buggy1,0.600154164174659
Patches_ICSE_Doverfitting_jKali_Math_71,buggy1,10.588293199682406
Patches_ICSE_Doverfitting_jKali_Math_28,buggy1,4.567721286335968
Patches_ICSE_Doverfitting_jKali_Math_49,buggy1,4.277656358160557
Patches_ICSE_Doverfitting_jKali_Math_2,buggy1,7.4665889497742635
Patches_ICSE_Doverfitting_jKali_Math_8,buggy1,2.879416389658452
Patches_ICSE_Doverfitting_jKali_Math_32,buggy1,5.074835405324886
Patches_ICSE_Doverfitting_jKali_Math_29,buggy1,4.032719272921649
Patches_ICSE_Doverfitting_jKali_Math_80,buggy1,10.674620989227327
Patches_ICSE_Doverfitting_jKali_Lang_22,buggy1,4.309624385989788
Patches_ICSE_Doverfitting_jKali_Lang_27,buggy1,4.497033839866478
Patches_ICSE_Doverfitting_jKali_Lang_7,buggy1,6.7567876340127775
Patches_ICSE_Doverfitting_jKali_Closure_21,buggy1,10.633572593233586
Patches_ICSE_Doverfitting_jKali_Closure_45,buggy1,4.037295885197944
Patches_ICSE_Doverfitting_jKali_Closure_46,buggy1,5.125864855002887
Patches_ICSE_Doverfitting_jKali_Closure_62,buggy1,5.599930884578819
Patches_ICSE_Doverfitting_jKali_Closure_22,buggy1,3.9769572381235974
Patches_ICSE_Doverfitting_jKali_Closure_101,buggy1,7.2629502188149555
Patches_ICSE_Doverfitting_jKali_Closure_63,buggy1,5.599930884578819
Patches_ICSE_Doverfitting_jKali_Chart_25,buggy1,9.555338257759981
Patches_ICSE_Doverfitting_jKali_Chart_1,buggy1,6.351981248914496
Patches_ICSE_Doverfitting_jKali_Chart_5,buggy1,5.151842739224537
Patches_ICSE_Doverfitting_jKali_Chart_13,buggy1,5.530671532601571
Patches_ICSE_Doverfitting_TBar_Math_96,buggy1,1.3048790756290989
Patches_ICSE_Doverfitting_TBar_Math_95,buggy1,3.6034991940006846
Patches_ICSE_Doverfitting_TBar_Math_50,buggy1,3.023735568733409
Patches_ICSE_Doverfitting_TBar_Math_2,buggy1,1.1455256556423914
Patches_ICSE_Doverfitting_TBar_Math_62,buggy1,2.4440915418702467
Patches_ICSE_Doverfitting_TBar_Math_8,buggy1,1.5302032395735068
Patches_ICSE_Doverfitting_TBar_Math_6,buggy1,3.3502610619001394
Patches_ICSE_Doverfitting_TBar_Math_82,buggy1,1.0134544432529413
Patches_ICSE_Doverfitting_TBar_Math_84,buggy1,2.0244390989806265
Patches_ICSE_Doverfitting_TBar_Math_88,buggy1,1.5115251018450166
Patches_ICSE_Doverfitting_TBar_Math_85,buggy1,7.378623571642548
Patches_ICSE_Doverfitting_TBar_Math_63,buggy1,1.5115900621022325
Patches_ICSE_Doverfitting_TBar_Math_81,buggy1,3.4143624068686145
Patches_ICSE_Doverfitting_TBar_Math_80,buggy1,3.8347915184458587
Patches_ICSE_Doverfitting_TBar_Math_15,buggy1,2.471836667752563
Patches_ICSE_Doverfitting_TBar_Lang_18,buggy1,2.327273493929117
Patches_ICSE_Doverfitting_TBar_Lang_60,buggy1,3.1653484498754056
Patches_ICSE_Doverfitting_TBar_Lang_43,buggy1,2.583288107262047
Patches_ICSE_Doverfitting_TBar_Lang_45,buggy1,3.4013424475870666
Patches_ICSE_Doverfitting_TBar_Lang_44,buggy1,4.080601582375327
Patches_ICSE_Doverfitting_TBar_Lang_20,buggy1,2.122165574809089
Patches_ICSE_Doverfitting_TBar_Lang_51,buggy1,4.637254681552225
Patches_ICSE_Doverfitting_TBar_Lang_22,buggy1,1.9804742444274892
Patches_ICSE_Doverfitting_TBar_Lang_41,buggy1,4.4290675036856175
Patches_ICSE_Doverfitting_TBar_Lang_39,buggy1,3.159901061273172
Patches_ICSE_Doverfitting_TBar_Lang_58,buggy1,4.047679331653071
Patches_ICSE_Doverfitting_TBar_Lang_13,buggy1,9.694872374003639
Patches_ICSE_Doverfitting_TBar_Lang_27,buggy1,3.407403808941415
Patches_ICSE_Doverfitting_TBar_Lang_63,buggy1,2.8987049326995997
Patches_ICSE_Doverfitting_TBar_Lang_24,buggy1,1.2952701959215651
Patches_ICSE_Doverfitting_TBar_Closure_66,buggy1,6.065412572993959
Patches_ICSE_Doverfitting_TBar_Closure_21,buggy1,1.4899557440882238
Patches_ICSE_Doverfitting_TBar_Closure_12,buggy1,3.5462655376707954
Patches_ICSE_Doverfitting_TBar_Closure_22,buggy1,3.117805691715765
Patches_ICSE_Doverfitting_TBar_Closure_109,buggy1,6.094531392406466
Patches_ICSE_Doverfitting_TBar_Closure_126,buggy1,3.8110944915263034
Patches_ICSE_Doverfitting_TBar_Closure_133,buggy1,7.461338570969394
Patches_ICSE_Doverfitting_TBar_Closure_115,buggy1,2.233859154438404
Patches_ICSE_Doverfitting_TBar_Closure_107,buggy1,8.08924265461131
Patches_ICSE_Doverfitting_TBar_Chart_25,buggy1,10.493703781775048
Patches_ICSE_Doverfitting_TBar_Chart_26,buggy1,2.520709417239609
Patches_ICSE_Doverfitting_TBar_Chart_12,buggy1,2.466627884936043
Patches_ICSE_Doverfitting_TBar_Chart_14,buggy1,4.560047953178857
Patches_ICSE_Doverfitting_TBar_Chart_3,buggy1,7.040378678286687
Patches_ICSE_Doverfitting_TBar_Chart_5,buggy1,2.3997582952855354
Patches_ICSE_Doverfitting_TBar_Chart_13,buggy1,11.075840196092443
Patches_ICSE_Doverfitting_TBar_Chart_7,buggy1,3.431628304367087
Patches_ICSE_Doverfitting_TBar_Chart_15,buggy1,8.08920310055155
Patches_ICSE_Doverfitting_Nopol_Math_18,buggy1,3.9324557039813817
Patches_ICSE_Doverfitting_Nopol_Math_42,buggy1,3.867799207137617
Patches_ICSE_Doverfitting_Nopol_Math_105,buggy1,2.6594407374402773
Patches_ICSE_Doverfitting_Nopol_Math_49,buggy1,2.610702149609992
Patches_ICSE_Doverfitting_Nopol_Math_2,buggy1,1.5081674972959018
Patches_ICSE_Doverfitting_Nopol_Math_20,buggy1,4.198823207531411
Patches_ICSE_Doverfitting_Nopol_Math_4,buggy1,3.7327639184597543
Patches_ICSE_Doverfitting_Nopol_Math_87,buggy1,4.916278416267098
Patches_ICSE_Doverfitting_Nopol_Math_41,buggy1,2.3605242335022005
Patches_ICSE_Doverfitting_Nopol_Math_73,buggy1,3.757754326741595
Patches_ICSE_Doverfitting_Nopol_Math_33,buggy1,3.7482399259582184
Patches_ICSE_Doverfitting_Nopol_Math_82,buggy1,2.9152710937466093
Patches_ICSE_Doverfitting_Nopol_Math_58,buggy1,2.751154656218388
Patches_ICSE_Doverfitting_Nopol_Math_69,buggy1,1.182449332318739
Patches_ICSE_Doverfitting_Nopol_Math_81,buggy1,4.264370718730812
Patches_ICSE_Doverfitting_Nopol_Math_78,buggy1,2.622690442201694
Patches_ICSE_Doverfitting_Nopol_Math_80,buggy1,2.098478471753402
Patches_ICSE_Doverfitting_Nopol_Math_7,buggy1,4.241073518095104
Patches_ICSE_Doverfitting_Nopol_Lang_44,buggy1,2.6193126588475644
Patches_ICSE_Doverfitting_Nopol_Lang_51,buggy1,0.8199747232728732
Patches_ICSE_Doverfitting_Nopol_Lang_53,buggy1,2.7394667550241967
Patches_ICSE_Doverfitting_Nopol_Lang_58,buggy1,2.4260346524139766
Patches_ICSE_Doverfitting_Nopol_Lang_55,buggy1,2.674203273133587
Patches_ICSE_Doverfitting_Nopol_Time_14,buggy1,4.792386977044455
Patches_ICSE_Doverfitting_Nopol_Chart_21,buggy1,3.6166815918991775
Patches_ICSE_Doverfitting_Nopol_Chart_25,buggy1,0.8442045413785833
Patches_ICSE_Doverfitting_Nopol_Chart_17,buggy1,3.358095085016008
Patches_ICSE_Doverfitting_Nopol_Chart_5,buggy1,5.377478654102323
Patches_ICSE_Doverfitting_Nopol_Chart_9,buggy1,3.377102661324869
Patches_ICSE_Doverfitting_Nopol_Chart_13,buggy1,1.0148631991561872
Patches_ICSE_Doverfitting_DynaMoth_Math_71,buggy1,0.9908710171376439
Patches_ICSE_Doverfitting_DynaMoth_Math_105,buggy1,2.2632256836169917
Patches_ICSE_Doverfitting_DynaMoth_Math_49,buggy1,2.560740322473551
Patches_ICSE_Doverfitting_DynaMoth_Math_20,buggy1,3.907378674549052
Patches_ICSE_Doverfitting_DynaMoth_Math_8,buggy1,0.713894620237025
Patches_ICSE_Doverfitting_DynaMoth_Math_41,buggy1,2.0523879779481358
Patches_ICSE_Doverfitting_DynaMoth_Math_32,buggy1,5.074835405324886
Patches_ICSE_Doverfitting_DynaMoth_Math_82,buggy1,1.6128034528052637
Patches_ICSE_Doverfitting_DynaMoth_Math_58,buggy1,4.696415835574724
Patches_ICSE_Doverfitting_DynaMoth_Math_85,buggy1,1.39976616072574
Patches_ICSE_Doverfitting_DynaMoth_Math_81,buggy1,4.184136475266406
Patches_ICSE_Doverfitting_DynaMoth_Math_80,buggy1,0.9529196178219466
Patches_ICSE_Doverfitting_DynaMoth_Lang_51,buggy1,0.7595434045555115
Patches_ICSE_Doverfitting_DynaMoth_Lang_63,buggy1,2.135429512165663
Patches_ICSE_Doverfitting_DynaMoth_Time_11,buggy1,2.1941175177705983
Patches_ICSE_Doverfitting_DynaMoth_Chart_18,buggy1,1.6530251713546265
Patches_ICSE_Doverfitting_DynaMoth_Chart_25,buggy1,0.6423700439006336
Patches_ICSE_Doverfitting_DynaMoth_Chart_1,buggy1,2.0791047125017443
Patches_ICSE_Doverfitting_DynaMoth_Chart_5,buggy1,5.151842739224537
Patches_ICSE_Doverfitting_DynaMoth_Chart_13,buggy1,0.8881753421694464
Patches_ICSE_Doverfitting_DynaMoth_Chart_15,buggy1,2.620307167456002
Patches_ICSE_Doverfitting_jMutRepair_Math_28,buggy1,1.674965798935013
Patches_ICSE_Doverfitting_jMutRepair_Math_50,buggy1,3.44604921221328
Patches_ICSE_Doverfitting_jMutRepair_Math_2,buggy1,3.014406076350966
Patches_ICSE_Doverfitting_jMutRepair_Math_57,buggy1,1.5621078756131392
Patches_ICSE_Doverfitting_jMutRepair_Math_84,buggy1,1.6985238600658334
Patches_ICSE_Doverfitting_jMutRepair_Math_88,buggy1,2.5208280792464297
Patches_ICSE_Doverfitting_jMutRepair_Math_52,buggy1,2.2269558871290847
Patches_ICSE_Doverfitting_jMutRepair_Math_81,buggy1,1.6541200431779386
Patches_ICSE_Doverfitting_jMutRepair_Math_80,buggy1,3.2016970352610565
Patches_ICSE_Doverfitting_jMutRepair_Lang_22,buggy1,1.4573334761486973
Patches_ICSE_Doverfitting_jMutRepair_Lang_27,buggy1,2.8533777292843316
Patches_ICSE_Doverfitting_jMutRepair_Closure_21,buggy1,2.4354365106600104
Patches_ICSE_Doverfitting_jMutRepair_Closure_22,buggy1,2.606703773001242
Patches_ICSE_Doverfitting_jMutRepair_Closure_126,buggy1,2.1322138830687805
Patches_ICSE_Doverfitting_jMutRepair_Chart_25,buggy1,2.757414792185185
Patches_ICSE_Doverfitting_jMutRepair_Chart_26,buggy1,3.2922216847212975
Patches_ICSE_Doverfitting_jMutRepair_Chart_7,buggy1,2.349383739261126
Patches_ICSE_Doverfitting_kPAR_Math_42,buggy1,4.2971744543270445
Patches_ICSE_Doverfitting_kPAR_Math_43,buggy1,4.244109887823111
Patches_ICSE_Doverfitting_kPAR_Math_49,buggy1,2.824089361303489
Patches_ICSE_Doverfitting_kPAR_Math_50,buggy1,2.9544753002286486
Patches_ICSE_Doverfitting_kPAR_Math_2,buggy1,5.252829138953749
Patches_ICSE_Doverfitting_kPAR_Math_104,buggy1,2.0706890605001416
Patches_ICSE_Doverfitting_kPAR_Math_62,buggy1,2.844998719564501
Patches_ICSE_Doverfitting_kPAR_Math_8,buggy1,1.7729984680991688
Patches_ICSE_Doverfitting_kPAR_Math_82,buggy1,1.4938770032070947
Patches_ICSE_Doverfitting_kPAR_Math_84,buggy1,1.4673674938227386
Patches_ICSE_Doverfitting_kPAR_Math_88,buggy1,1.8621505878609481
Patches_ICSE_Doverfitting_kPAR_Math_63,buggy1,2.393450857583154
Patches_ICSE_Doverfitting_kPAR_Math_81,buggy1,1.4099445689584977
Patches_ICSE_Doverfitting_kPAR_Math_80,buggy1,5.047680466695768
Patches_ICSE_Doverfitting_kPAR_Math_7,buggy1,4.5151939003903125
Patches_ICSE_Doverfitting_kPAR_Math_40,buggy1,2.760778331921972
Patches_ICSE_Doverfitting_kPAR_Math_15,buggy1,2.1837988029706534
Patches_ICSE_Doverfitting_kPAR_Lang_18,buggy1,2.327273493929117
Patches_ICSE_Doverfitting_kPAR_Lang_21,buggy1,4.1858241470937285
Patches_ICSE_Doverfitting_kPAR_Lang_43,buggy1,2.583288107262047
Patches_ICSE_Doverfitting_kPAR_Lang_45,buggy1,3.4013424475870666
Patches_ICSE_Doverfitting_kPAR_Lang_44,buggy1,2.036096925883534
Patches_ICSE_Doverfitting_kPAR_Lang_57,buggy1,1.456842072650573
Patches_ICSE_Doverfitting_kPAR_Lang_20,buggy1,1.3445309142461213
Patches_ICSE_Doverfitting_kPAR_Lang_51,buggy1,2.1559818716050376
Patches_ICSE_Doverfitting_kPAR_Lang_10,buggy1,2.28917667391507
Patches_ICSE_Doverfitting_kPAR_Lang_41,buggy1,4.4290675036856175
Patches_ICSE_Doverfitting_kPAR_Lang_16,buggy1,1.9586490770323757
Patches_ICSE_Doverfitting_kPAR_Lang_59,buggy1,5.509816200167573
Patches_ICSE_Doverfitting_kPAR_Lang_53,buggy1,7.145728032682277
Patches_ICSE_Doverfitting_kPAR_Lang_58,buggy1,3.3421450502663412
Patches_ICSE_Doverfitting_kPAR_Lang_27,buggy1,3.737360487884796
Patches_ICSE_Doverfitting_kPAR_Lang_63,buggy1,2.8327516748223753
Patches_ICSE_Doverfitting_kPAR_Lang_24,buggy1,1.2952701959215651
Patches_ICSE_Doverfitting_kPAR_Closure_46,buggy1,4.763402366380212
Patches_ICSE_Doverfitting_kPAR_Closure_62,buggy1,3.6243454696122823
Patches_ICSE_Doverfitting_kPAR_Closure_35,buggy1,4.612477042030445
Patches_ICSE_Doverfitting_kPAR_Closure_109,buggy1,6.094531392406466
Patches_ICSE_Doverfitting_kPAR_Closure_126,buggy1,1.8286497184854356
Patches_ICSE_Doverfitting_kPAR_Closure_115,buggy1,4.3773491398477935
Patches_ICSE_Doverfitting_kPAR_Closure_129,buggy1,4.216391225832886
Patches_ICSE_Doverfitting_kPAR_Closure_63,buggy1,3.6243454696122823
Patches_ICSE_Doverfitting_kPAR_Time_17,buggy1,2.6722808983307673
Patches_ICSE_Doverfitting_kPAR_Chart_25,buggy1,2.209058001547966
Patches_ICSE_Doverfitting_kPAR_Chart_17,buggy1,1.7033228758979784
Patches_ICSE_Doverfitting_kPAR_Chart_26,buggy1,3.543570918312562
Patches_ICSE_Doverfitting_kPAR_Chart_14,buggy1,1.6907899948660612
Patches_ICSE_Doverfitting_kPAR_Chart_3,buggy1,3.2263384133097843
Patches_ICSE_Doverfitting_kPAR_Chart_5,buggy1,2.198626739241094
Patches_ICSE_Doverfitting_kPAR_Chart_13,buggy1,1.7067958492416087
Patches_ICSE_Doverfitting_kPAR_Chart_7,buggy1,1.2285332859211602
Patches_ICSE_Doverfitting_kPAR_Chart_15,buggy1,3.1958402475205205
Patches_ICSE_Doverfitting_FixMiner_Math_50,buggy1,2.9544753002286486
Patches_ICSE_Doverfitting_FixMiner_Math_20,buggy1,9.181914096037971
Patches_ICSE_Doverfitting_FixMiner_Math_84,buggy1,1.4673674938227386
Patches_ICSE_Doverfitting_FixMiner_Math_85,buggy1,7.378623571642548
Patches_ICSE_Doverfitting_FixMiner_Math_63,buggy1,2.393450857583154
Patches_ICSE_Doverfitting_FixMiner_Math_81,buggy1,1.4099445689584977
Patches_ICSE_Doverfitting_FixMiner_Math_80,buggy1,5.047680466695768
Patches_ICSE_Doverfitting_FixMiner_Lang_57,buggy1,1.456842072650573
Patches_ICSE_Doverfitting_FixMiner_Lang_63,buggy1,2.8327516748223753
Patches_ICSE_Doverfitting_FixMiner_Closure_19,buggy1,8.051151818828076
Patches_ICSE_Doverfitting_FixMiner_Closure_129,buggy1,4.216391225832886
Patches_ICSE_Doverfitting_FixMiner_Time_11,buggy1,2.3524992464744363
Patches_ICSE_Doverfitting_FixMiner_Chart_25,buggy1,2.209058001547966
Patches_ICSE_Doverfitting_FixMiner_Chart_17,buggy1,1.7033228758979784
Patches_ICSE_Doverfitting_FixMiner_Chart_26,buggy1,3.543570918312562
Patches_ICSE_Doverfitting_FixMiner_Chart_14,buggy1,1.6907899948660612
Patches_ICSE_Doverfitting_FixMiner_Chart_3,buggy1,3.2263384133097843
Patches_ICSE_Doverfitting_FixMiner_Chart_13,buggy1,1.7067958492416087
Patches_ICSE_Doverfitting_FixMiner_Chart_7,buggy1,1.2285332859211602
Patches_ICSE_Doverfitting_FixMiner_Chart_15,buggy1,3.1958402475205205
Patches_ICSE_Doverfitting_Kali_Math_95,buggy1,3.2279486492683644
Patches_ICSE_Doverfitting_Kali_Math_28,buggy1,4.567721286335968
Patches_ICSE_Doverfitting_Kali_Math_49,buggy1,4.277656358160557
Patches_ICSE_Doverfitting_Kali_Math_2,buggy1,7.4665889497742635
Patches_ICSE_Doverfitting_Kali_Math_32,buggy1,5.074835405324886
Patches_ICSE_Doverfitting_Kali_Math_84,buggy1,4.347855199086864
Patches_ICSE_Doverfitting_Kali_Math_81,buggy1,4.184136475266406
Patches_ICSE_Doverfitting_Kali_Math_80,buggy1,3.589904476711859
Patches_ICSE_Doverfitting_Kali_Math_31,buggy1,3.9199690509820004
Patches_ICSE_Doverfitting_Kali_Closure_21,buggy1,5.163272231372348
Patches_ICSE_Doverfitting_Kali_Closure_112,buggy1,5.602646719693791
Patches_ICSE_Doverfitting_Kali_Closure_68,buggy1,3.646266337505842
Patches_ICSE_Doverfitting_Kali_Closure_49,buggy1,4.0775135318152715
Patches_ICSE_Doverfitting_Kali_Closure_64,buggy1,4.087284265636526
Patches_ICSE_Doverfitting_Kali_Closure_131,buggy1,3.7581986308753343
Patches_ICSE_Doverfitting_Kali_Closure_114,buggy1,3.7765774542769877
Patches_ICSE_Doverfitting_Kali_Closure_26,buggy1,3.7581986308753343
Patches_ICSE_Doverfitting_Kali_Closure_50,buggy1,4.0775135318152715
Patches_ICSE_Doverfitting_Kali_Closure_45,buggy1,3.7581986308753343
Patches_ICSE_Doverfitting_Kali_Closure_46,buggy1,5.125864855002887
Patches_ICSE_Doverfitting_Kali_Closure_20,buggy1,3.7581986308753343
Patches_ICSE_Doverfitting_Kali_Closure_10,buggy1,1.1062381148209046
Patches_ICSE_Doverfitting_Kali_Closure_127,buggy1,6.325267152690359
Patches_ICSE_Doverfitting_Kali_Closure_120,buggy1,3.7765774542769877
Patches_ICSE_Doverfitting_Kali_Closure_12,buggy1,5.172455379879687
Patches_ICSE_Doverfitting_Kali_Closure_22,buggy1,5.014766583221006
Patches_ICSE_Doverfitting_Kali_Closure_36,buggy1,3.7581986308753343
Patches_ICSE_Doverfitting_Kali_Closure_3,buggy1,5.172455379879687
Patches_ICSE_Doverfitting_Kali_Closure_119,buggy1,5.360134588064626
Patches_ICSE_Doverfitting_Kali_Closure_76,buggy1,4.0775135318152715
Patches_ICSE_Doverfitting_Kali_Closure_132,buggy1,3.7581986308753343
Patches_ICSE_Doverfitting_Kali_Closure_8,buggy1,3.7581986308753343
Patches_ICSE_Doverfitting_Kali_Closure_1,buggy1,6.548329949536089
Patches_ICSE_Doverfitting_Kali_Closure_75,buggy1,1.8784204571599117
Patches_ICSE_Doverfitting_Kali_Closure_59,buggy1,3.2329142972626514
Patches_ICSE_Doverfitting_Kali_Closure_5,buggy1,3.7581986308753343
Patches_ICSE_Doverfitting_Kali_Closure_67,buggy1,4.595168243989845
Patches_ICSE_Doverfitting_Kali_Closure_130,buggy1,4.677689996538435
Patches_ICSE_Doverfitting_Kali_Closure_122,buggy1,4.924786286836816
Patches_ICSE_Doverfitting_Kali_Closure_33,buggy1,5.240999883079433
Patches_ICSE_Doverfitting_Kali_Closure_117,buggy1,2.18107059298381
Patches_ICSE_Doverfitting_Kali_Closure_30,buggy1,3.7581986308753343
Patches_ICSE_Doverfitting_Kali_Closure_125,buggy1,4.725564778022204
Patches_ICSE_Doverfitting_Kali_Closure_121,buggy1,3.7765774542769877
Patches_ICSE_Doverfitting_Kali_Closure_124,buggy1,5.470435383997423
Patches_ICSE_Doverfitting_Kali_Closure_129,buggy1,3.775024640151625
Patches_ICSE_Doverfitting_Kali_Closure_55,buggy1,5.055487935441488
Patches_ICSE_Doverfitting_Kali_Closure_78,buggy1,4.7442510994372045
Patches_ICSE_Doverfitting_Kali_Closure_29,buggy1,3.7581986308753343
Patches_ICSE_Doverfitting_Kali_Closure_7,buggy1,5.728117526052386
Patches_ICSE_Doverfitting_Kali_Closure_72,buggy1,4.0775135318152715
Patches_ICSE_Doverfitting_Kali_Closure_61,buggy1,4.0775135318152715
Patches_ICSE_Doverfitting_Kali_Closure_15,buggy1,5.228094770124966
Patches_ICSE_Doverfitting_Kali_Closure_31,buggy1,3.7581986308753343
Patches_ICSE_Doverfitting_Kali_Chart_25,buggy1,4.875538709268043
Patches_ICSE_Doverfitting_Kali_Chart_26,buggy1,4.207513422951284
Patches_ICSE_Doverfitting_Kali_Chart_12,buggy1,3.319117134806846
Patches_ICSE_Doverfitting_Kali_Chart_1,buggy1,6.351981248914496
Patches_ICSE_Doverfitting_Kali_Chart_5,buggy1,5.151842739224537
Patches_ICSE_Doverfitting_Kali_Chart_15,buggy1,3.4398031134202185
Patches_ICSE_Doverfitting_jGenProg_Math_95,buggy1,3.523574723235109
Patches_ICSE_Doverfitting_jGenProg_Math_60,buggy1,1.0044924929168977
Patches_ICSE_Doverfitting_jGenProg_Math_50,buggy1,2.734206922258362
Patches_ICSE_Doverfitting_jGenProg_Math_8,buggy1,13.028752017795693
Patches_ICSE_Doverfitting_jGenProg_Math_73,buggy1,3.066191172460641
Patches_ICSE_Doverfitting_jGenProg_Math_84,buggy1,5.170887439593177
Patches_ICSE_Doverfitting_jGenProg_Math_85,buggy1,2.3256636246970275
Patches_ICSE_Doverfitting_jGenProg_Math_81,buggy1,6.36173807539882
Patches_ICSE_Doverfitting_jGenProg_Lang_39,buggy1,0.7655868011222439
Patches_ICSE_Doverfitting_jGenProg_Lang_27,buggy1,3.9356102138892197
Patches_ICSE_Doverfitting_jGenProg_Closure_21,buggy1,3.962416030501261
Patches_ICSE_Doverfitting_jGenProg_Closure_22,buggy1,1.779449224629689
Patches_ICSE_Doverfitting_jGenProg_Chart_25,buggy1,0.8329378485988385
Patches_ICSE_Doverfitting_jGenProg_Chart_3,buggy1,7.040378678286687
Patches_ICSE_Doverfitting_jGenProg_Chart_5,buggy1,2.5263387248588445
Patches_ICSE_Doverfitting_jGenProg_Chart_13,buggy1,5.5346593790651175
Patches_ICSE_Doverfitting_jGenProg_Chart_7,buggy1,4.030850071263257
Patches_ICSE_Doverfitting_SimFix_Math_43,buggy1,4.723178703094966
Patches_ICSE_Doverfitting_SimFix_Math_50,buggy1,5.4365438424523145
Patches_ICSE_Doverfitting_SimFix_Math_44,buggy1,2.7992540784320443
Patches_ICSE_Doverfitting_SimFix_Math_8,buggy1,1.7852029332629655
Patches_ICSE_Doverfitting_SimFix_Math_6,buggy1,3.090531473954531
Patches_ICSE_Doverfitting_SimFix_Math_1,buggy1,3.180190654510848
Patches_ICSE_Doverfitting_SimFix_Math_73,buggy1,3.5950763643045702
Patches_ICSE_Doverfitting_SimFix_Math_82,buggy1,1.3684127934575316
Patches_ICSE_Doverfitting_SimFix_Math_84,buggy1,2.391690469026603
Patches_ICSE_Doverfitting_SimFix_Math_88,buggy1,3.2174268524232765
Patches_ICSE_Doverfitting_SimFix_Math_85,buggy1,2.6049505665980313
Patches_ICSE_Doverfitting_SimFix_Math_69,buggy1,1.5700146258516172
Patches_ICSE_Doverfitting_SimFix_Math_63,buggy1,3.744678049131644
Patches_ICSE_Doverfitting_SimFix_Math_81,buggy1,2.3241123500197256
Patches_ICSE_Doverfitting_SimFix_Math_80,buggy1,2.8158280137469185
Patches_ICSE_Doverfitting_SimFix_Math_72,buggy1,2.632045781837048
Patches_ICSE_Doverfitting_SimFix_Lang_60,buggy1,2.102568723151031
Patches_ICSE_Doverfitting_SimFix_Lang_50,buggy1,2.385891492046542
Patches_ICSE_Doverfitting_SimFix_Lang_45,buggy1,6.110115157435446
Patches_ICSE_Doverfitting_SimFix_Lang_10,buggy1,5.187614713636496
Patches_ICSE_Doverfitting_SimFix_Lang_12,buggy1,2.1073837348820965
Patches_ICSE_Doverfitting_SimFix_Lang_41,buggy1,3.281897405207939
Patches_ICSE_Doverfitting_SimFix_Lang_16,buggy1,3.932237819788577
Patches_ICSE_Doverfitting_SimFix_Lang_1,buggy1,2.606946967642644
Patches_ICSE_Doverfitting_SimFix_Lang_9,buggy1,5.187614713636496
Patches_ICSE_Doverfitting_SimFix_Lang_27,buggy1,3.6351715561752527
Patches_ICSE_Doverfitting_SimFix_Lang_63,buggy1,5.230700634851408
Patches_ICSE_Doverfitting_SimFix_Lang_61,buggy1,1.9544571053310167
Patches_ICSE_Doverfitting_SimFix_Closure_21,buggy1,3.5701986639924073
Patches_ICSE_Doverfitting_SimFix_Closure_19,buggy1,2.1062443836040856
Patches_ICSE_Doverfitting_SimFix_Closure_26,buggy1,3.349647697467411
Patches_ICSE_Doverfitting_SimFix_Closure_57,buggy1,1.678687610216512
Patches_ICSE_Doverfitting_SimFix_Closure_46,buggy1,3.5468728714643514
Patches_ICSE_Doverfitting_SimFix_Closure_22,buggy1,3.6945113208547906
Patches_ICSE_Doverfitting_SimFix_Closure_14,buggy1,4.909790960462327
Patches_ICSE_Doverfitting_SimFix_Closure_109,buggy1,5.530519308877942
Patches_ICSE_Doverfitting_SimFix_Closure_126,buggy1,2.100179600364378
Patches_ICSE_Doverfitting_SimFix_Closure_108,buggy1,6.338010775063641
Patches_ICSE_Doverfitting_SimFix_Closure_106,buggy1,5.86881677005017
Patches_ICSE_Doverfitting_SimFix_Closure_38,buggy1,3.176634176830465
Patches_ICSE_Doverfitting_SimFix_Closure_107,buggy1,2.9738739191827555
Patches_ICSE_Doverfitting_SimFix_Chart_18,buggy1,1.9237902993803282
Patches_ICSE_Doverfitting_SimFix_Chart_25,buggy1,2.23190672180647
Patches_ICSE_Doverfitting_SimFix_Chart_12,buggy1,2.283282207557984
Patches_ICSE_Doverfitting_SimFix_Chart_22,buggy1,2.33701176697382
Patches_ICSE_Doverfitting_SimFix_Chart_3,buggy1,6.432216546859446
Patches_ICSE_Doverfitting_GenProg_Math_95,buggy1,1.3537579497862
Patches_ICSE_Doverfitting_GenProg_Math_28,buggy1,12.949320332284232
Patches_ICSE_Doverfitting_GenProg_Math_2,buggy1,13.67376570710558
Patches_ICSE_Doverfitting_GenProg_Math_82,buggy1,12.76595675018372
Patches_ICSE_Doverfitting_GenProg_Math_85,buggy1,4.724771258916941
Patches_ICSE_Doverfitting_GenProg_Math_81,buggy1,11.495854925999136
Patches_ICSE_Doverfitting_GenProg_Math_80,buggy1,8.86981448050848
Patches_ICSE_Doverfitting_GenProg_Math_40,buggy1,1.0130127091793477
Patches_ICSE_Doverfitting_GenProg_Math_31,buggy1,3.267020547029155
Patches_ICSE_Doverfitting_GenProg_Lang_7,buggy1,4.396819483793944
Patches_ICSE_Doverfitting_GenProg_Closure_21,buggy1,6.07255743214463
Patches_ICSE_Doverfitting_GenProg_Closure_112,buggy1,9.719435961730301
Patches_ICSE_Doverfitting_GenProg_Closure_114,buggy1,7.463002372109947
Patches_ICSE_Doverfitting_GenProg_Closure_10,buggy1,10.732892796229633
Patches_ICSE_Doverfitting_GenProg_Closure_22,buggy1,5.634910471929382
Patches_ICSE_Doverfitting_GenProg_Closure_75,buggy1,4.317398830591034
Patches_ICSE_Doverfitting_GenProg_Closure_59,buggy1,9.96998954814166
Patches_ICSE_Doverfitting_GenProg_Closure_67,buggy1,13.388774689676827
Patches_ICSE_Doverfitting_GenProg_Closure_130,buggy1,12.565338897466978
Patches_ICSE_Doverfitting_GenProg_Closure_124,buggy1,11.9544026124739
Patches_ICSE_Doverfitting_GenProg_Closure_129,buggy1,12.959047027914867
Patches_ICSE_Doverfitting_GenProg_Closure_55,buggy1,8.70892391720518
Patches_ICSE_Doverfitting_GenProg_Closure_78,buggy1,10.600856732304093
Patches_ICSE_Doverfitting_GenProg_Chart_25,buggy1,8.659078790619267
Patches_ICSE_Doverfitting_GenProg_Chart_12,buggy1,10.741059723123824
Patches_ICSE_Doverfitting_GenProg_Chart_3,buggy1,7.280097575136862
Patches_ICSE_Doverfitting_GenProg_Chart_1,buggy1,2.893907292891013
Patches_ICSE_Doverfitting_GenProg_Chart_13,buggy1,4.037886819976438
Patches_ICSE_Doverfitting_RSRepair_Math_95,buggy1,3.9960012482111344
Patches_ICSE_Doverfitting_RSRepair_Math_28,buggy1,12.09646064122344
Patches_ICSE_Doverfitting_RSRepair_Math_103,buggy1,2.3208329842681557
Patches_ICSE_Doverfitting_RSRepair_Math_2,buggy1,12.848348747123648
Patches_ICSE_Doverfitting_RSRepair_Math_33,buggy1,9.976595298344241
Patches_ICSE_Doverfitting_RSRepair_Math_82,buggy1,12.76595675018372
Patches_ICSE_Doverfitting_RSRepair_Math_58,buggy1,1.3985966520275628
Patches_ICSE_Doverfitting_RSRepair_Math_84,buggy1,4.316846135132208
Patches_ICSE_Doverfitting_RSRepair_Math_85,buggy1,7.378623571642548
Patches_ICSE_Doverfitting_RSRepair_Math_81,buggy1,2.4721584367333826
Patches_ICSE_Doverfitting_RSRepair_Math_80,buggy1,6.979686321581417
Patches_ICSE_Doverfitting_RSRepair_Math_40,buggy1,4.31933412751404
Patches_ICSE_Doverfitting_RSRepair_Lang_16,buggy1,2.661808606361587
Patches_ICSE_Doverfitting_RSRepair_Lang_13,buggy1,3.991229019354737
Patches_ICSE_Doverfitting_RSRepair_Lang_7,buggy1,3.802804559988058
Patches_ICSE_Doverfitting_RSRepair_Closure_21,buggy1,6.852930780204324
Patches_ICSE_Doverfitting_RSRepair_Closure_112,buggy1,11.414871544045338
Patches_ICSE_Doverfitting_RSRepair_Closure_114,buggy1,12.647697241189201
Patches_ICSE_Doverfitting_RSRepair_Closure_45,buggy1,5.64428809624126
Patches_ICSE_Doverfitting_RSRepair_Closure_10,buggy1,3.2299305908392992
Patches_ICSE_Doverfitting_RSRepair_Closure_127,buggy1,6.118729008590513
Patches_ICSE_Doverfitting_RSRepair_Closure_120,buggy1,11.841922892810874
Patches_ICSE_Doverfitting_RSRepair_Closure_22,buggy1,9.863840738237258
Patches_ICSE_Doverfitting_RSRepair_Closure_75,buggy1,4.719914691834293
Patches_ICSE_Doverfitting_RSRepair_Closure_59,buggy1,9.892042683177971
Patches_ICSE_Doverfitting_RSRepair_Closure_67,buggy1,11.572428867766499
Patches_ICSE_Doverfitting_RSRepair_Closure_130,buggy1,12.565338897466978
Patches_ICSE_Doverfitting_RSRepair_Closure_33,buggy1,13.32458580927983
Patches_ICSE_Doverfitting_RSRepair_Closure_121,buggy1,12.981135848043758
Patches_ICSE_Doverfitting_RSRepair_Closure_124,buggy1,10.61702853571921
Patches_ICSE_Doverfitting_RSRepair_Closure_129,buggy1,12.959047027914867
Patches_ICSE_Doverfitting_RSRepair_Closure_55,buggy1,12.704794480853417
Patches_ICSE_Doverfitting_RSRepair_Closure_78,buggy1,11.600404125933501
Patches_ICSE_Doverfitting_RSRepair_Closure_61,buggy1,6.2662542665987315
Patches_ICSE_Doverfitting_RSRepair_Closure_31,buggy1,6.099721639254005
Patches_ICSE_Doverfitting_RSRepair_Chart_25,buggy1,8.659078790619267
Patches_ICSE_Doverfitting_RSRepair_Chart_12,buggy1,1.3721807722213364
Patches_ICSE_Doverfitting_RSRepair_Chart_5,buggy1,1.2191390566723495
Patches_ICSE_Doverfitting_RSRepair_Chart_13,buggy1,15.152455753119266
Patches_ICSE_Doverfitting_Cardumen_Math_95,buggy1,1.8495888308214128
Patches_ICSE_Doverfitting_Cardumen_Math_5,buggy1,1.9779850039578988
Patches_ICSE_Doverfitting_Cardumen_Math_73,buggy1,2.734293565227173
Patches_ICSE_Doverfitting_Cardumen_Math_85,buggy1,3.126295448076566
Patches_ICSE_Doverfitting_Cardumen_Math_63,buggy1,4.47077512428617
Patches_ICSE_Doverfitting_Cardumen_Closure_62,buggy1,3.863590776626664
Patches_ICSE_Doverfitting_Cardumen_Closure_63,buggy1,3.863590776626664
Patches_ICSE_Doverfitting_Cardumen_Chart_6,buggy1,5.234844584953535
Patches_ICSE_Doverfitting_Cardumen_Chart_13,buggy1,1.5598437250661064
Patches_ICSE_Doverfitting_Cardumen_Chart_24,buggy1,3.4322099470006466
Patches_ICSE_Doverfitting_ACS_Math_28,buggy1,2.11302320385264
Patches_ICSE_Doverfitting_ACS_Math_93,buggy1,2.8556054907289887
Patches_ICSE_Doverfitting_ACS_Math_97,buggy1,3.5357617133689225
Patches_ICSE_Doverfitting_ACS_Math_4,buggy1,1.6468697288155512
Patches_ICSE_Doverfitting_ACS_Math_73,buggy1,6.769063871754669
Patches_ICSE_Doverfitting_ACS_Math_81,buggy1,3.596559493098172
Patches_ICSE_Doverfitting_ACS_Lang_35,buggy1,2.496708663115265
Patches_ICSE_Doverfitting_Arja_Math_95,buggy1,2.22954259686262
Patches_ICSE_Doverfitting_Arja_Math_28,buggy1,12.949320332284232
Patches_ICSE_Doverfitting_Arja_Math_50,buggy1,11.014748523334443
Patches_ICSE_Doverfitting_Arja_Math_2,buggy1,12.848348747123648
Patches_ICSE_Doverfitting_Arja_Math_35,buggy1,1.4659701054805976
Patches_ICSE_Doverfitting_Arja_Math_74,buggy1,3.9738741808846223
Patches_ICSE_Doverfitting_Arja_Math_82,buggy1,2.2251889988079587
Patches_ICSE_Doverfitting_Arja_Math_84,buggy1,7.027830163104134
Patches_ICSE_Doverfitting_Arja_Math_85,buggy1,7.378623571642548
Patches_ICSE_Doverfitting_Arja_Math_81,buggy1,10.866566003772842
Patches_ICSE_Doverfitting_Arja_Math_80,buggy1,3.1584182207714804
Patches_ICSE_Doverfitting_Arja_Math_56,buggy1,1.364392517638018
Patches_ICSE_Doverfitting_Arja_Math_40,buggy1,6.559777298723812
Patches_ICSE_Doverfitting_Arja_Lang_20,buggy1,4.1172989615149795
Patches_ICSE_Doverfitting_Arja_Lang_16,buggy1,2.661808606361587
Patches_ICSE_Doverfitting_Arja_Lang_7,buggy1,3.0798118275703534
Patches_ICSE_Doverfitting_Arja_Closure_21,buggy1,4.816512231172542
Patches_ICSE_Doverfitting_Arja_Closure_112,buggy1,7.251580475907718
Patches_ICSE_Doverfitting_Arja_Closure_68,buggy1,10.824257519584581
Patches_ICSE_Doverfitting_Arja_Closure_114,buggy1,8.599033305691936
Patches_ICSE_Doverfitting_Arja_Closure_45,buggy1,5.64428809624126
Patches_ICSE_Doverfitting_Arja_Closure_46,buggy1,9.16481655937589
Patches_ICSE_Doverfitting_Arja_Closure_10,buggy1,6.099721639254005
Patches_ICSE_Doverfitting_Arja_Closure_120,buggy1,12.559317653586092
Patches_ICSE_Doverfitting_Arja_Closure_22,buggy1,6.844069051703195
Patches_ICSE_Doverfitting_Arja_Closure_119,buggy1,11.546654418205812
Patches_ICSE_Doverfitting_Arja_Closure_8,buggy1,9.65025860124825
Patches_ICSE_Doverfitting_Arja_Closure_1,buggy1,3.6457801218740693
Patches_ICSE_Doverfitting_Arja_Closure_75,buggy1,10.867605664343872
Patches_ICSE_Doverfitting_Arja_Closure_59,buggy1,17.550417801929363
Patches_ICSE_Doverfitting_Arja_Closure_67,buggy1,11.945545719358012
Patches_ICSE_Doverfitting_Arja_Closure_130,buggy1,12.565338897466978
Patches_ICSE_Doverfitting_Arja_Closure_33,buggy1,13.987867843567987
Patches_ICSE_Doverfitting_Arja_Closure_116,buggy1,5.5132787049822225
Patches_ICSE_Doverfitting_Arja_Closure_133,buggy1,7.955343431671482
Patches_ICSE_Doverfitting_Arja_Closure_117,buggy1,11.953837631201798
Patches_ICSE_Doverfitting_Arja_Closure_125,buggy1,14.37771714301511
Patches_ICSE_Doverfitting_Arja_Closure_121,buggy1,13.663074887190517
Patches_ICSE_Doverfitting_Arja_Closure_124,buggy1,9.889072941390042
Patches_ICSE_Doverfitting_Arja_Closure_129,buggy1,12.959047027914867
Patches_ICSE_Doverfitting_Arja_Closure_55,buggy1,8.248789082457629
Patches_ICSE_Doverfitting_Arja_Closure_78,buggy1,4.203351515575749
Patches_ICSE_Doverfitting_Arja_Closure_7,buggy1,6.285606284707594
Patches_ICSE_Doverfitting_Arja_Chart_19,buggy1,2.4108921171325064
Patches_ICSE_Doverfitting_Arja_Chart_25,buggy1,1.7461265124004186
Patches_ICSE_Doverfitting_Arja_Chart_14,buggy1,5.152049092707552
Patches_ICSE_Doverfitting_Arja_Chart_3,buggy1,9.335133227304144
Patches_ICSE_Doverfitting_Arja_Chart_1,buggy1,5.653815351174022
Patches_ICSE_Doverfitting_Arja_Chart_5,buggy1,1.2191390566723495
Patches_ICSE_Doverfitting_Arja_Chart_13,buggy1,3.589648728034539
Patches_ICSE_Doverfitting_Arja_Chart_7,buggy1,4.480513690640382
Patches_ICSE_Doverfitting_Arja_Chart_15,buggy1,0.46742397196958074
