patch_id,file_name,sum_entropy,mean_entropy
prapr_JacksonXml_5_mutant-6,XmlRootNameLookup,31.866370035918187,6.373274007183637
prapr_JacksonXml_5_mutant-7,XmlRootNameLookup,118.1819932750243,5.909099663751215
prapr_JacksonXml_5_mutant-2,XmlRootNameLookup,13.68859243658099,13.68859243658099
prapr_JacksonXml_5_mutant-4,XmlRootNameLookup,13.68859243658099,13.68859243658099
prapr_JacksonXml_5_mutant-5,XmlRootNameLookup,27.28046112309077,4.546743520515128
prapr_JacksonCore_21_mutant-19,FilteringParserDelegate,34.50263007055603,5.750438345092672
prapr_JacksonCore_21_mutant-10,FilteringParserDelegate,48.38398319907775,4.031998599923146
prapr_JacksonCore_21_mutant-15,FilteringParserDelegate,26.858850787596847,2.0660654451997575
prapr_JacksonCore_21_mutant-20,FilteringParserDelegate,23.18851142681428,3.864751904469047
prapr_JacksonCore_19_mutant-6,BufferRecycler,83.70151544056392,4.65008419114244
prapr_JacksonCore_19_mutant-11,BufferRecycler,74.89501222769908,4.993000815179939
prapr_JacksonCore_19_mutant-13,TextBuffer,22.183594601974814,3.6972657669958022
prapr_JacksonCore_19_mutant-12,BufferRecycler,80.5653504864869,4.739138263910995
prapr_JacksonCore_19_mutant-8,TextBuffer,24.02701743451389,3.432431062073413
prapr_JacksonCore_19_mutant-1,TextBuffer,58.3819545468431,2.919097727342155
prapr_JacksonCore_19_mutant-10,BufferRecycler,19.742067251795806,1.7947333865268915
prapr_JacksonCore_19_mutant-7,TextBuffer,60.31198922418547,3.0155994612092734
prapr_JacksonCore_19_mutant-2,BufferRecycler,82.07495147347052,4.827938321968854
prapr_JacksonCore_19_mutant-4,BufferRecycler,27.708676964232712,2.518970633112065
prapr_JacksonCore_19_mutant-3,TextBuffer,45.44848289498554,3.4960371457681183
prapr_JacksonCore_19_mutant-9,BufferRecycler,72.79255640443371,4.549534775277107
prapr_JacksonCore_19_mutant-5,BufferRecycler,81.45968084052342,4.525537824473523
prapr_JacksonCore_25_mutant-6,ReaderBasedJsonParser,60.826288765946295,4.055085917729753
prapr_JacksonCore_25_mutant-11,ReaderBasedJsonParser,16.472679917795492,5.490893305931831
prapr_JacksonCore_25_mutant-31,ReaderBasedJsonParser,84.08654517896495,9.34294946432944
prapr_JacksonCore_25_mutant-13,ReaderBasedJsonParser,25.005699749378298,6.2514249373445745
prapr_JacksonCore_25_mutant-27,ReaderBasedJsonParser,83.97549043820291,6.459653110630994
prapr_JacksonCore_25_mutant-36,ReaderBasedJsonParser,71.60236820830283,5.5078744775617565
prapr_JacksonCore_25_mutant-30,ReaderBasedJsonParser,90.12673180254258,5.00704065569681
prapr_JacksonCore_25_mutant-21,ReaderBasedJsonParser,83.79189124158388,2.9925675443422817
prapr_JacksonCore_25_mutant-28,ReaderBasedJsonParser,114.24072990524662,6.346707216958146
prapr_JacksonCore_25_mutant-37,ReaderBasedJsonParser,80.23106979525414,5.348737986350276
prapr_JacksonCore_25_mutant-16,ReaderBasedJsonParser,58.9810877281416,4.9150906440118005
prapr_JacksonCore_25_mutant-22,ReaderBasedJsonParser,71.5016884204025,5.107263458600179
prapr_JacksonCore_25_mutant-35,ReaderBasedJsonParser,86.33221237726845,4.316610618863423
prapr_JacksonCore_25_mutant-40,ReaderBasedJsonParser,100.88889643507471,3.60317487268124
prapr_JacksonCore_25_mutant-7,ReaderBasedJsonParser,61.9609948900065,5.163416240833875
prapr_JacksonCore_25_mutant-41,ReaderBasedJsonParser,93.85681200483434,3.6098773848013206
prapr_JacksonCore_25_mutant-17,ReaderBasedJsonParser,74.5127202520632,6.773883659278473
prapr_JacksonCore_25_mutant-29,ReaderBasedJsonParser,39.00898559140549,4.334331732378388
prapr_JacksonCore_25_mutant-33,ReaderBasedJsonParser,55.79741049739036,3.9855293212421685
prapr_JacksonCore_25_mutant-34,ReaderBasedJsonParser,112.82767854926084,5.938298871013728
prapr_JacksonCore_25_mutant-15,ReaderBasedJsonParser,34.280592328250535,4.285074041031317
prapr_JacksonCore_25_mutant-9,ReaderBasedJsonParser,76.95161944341937,9.618952430427422
prapr_JacksonCore_25_mutant-5,ReaderBasedJsonParser,66.07950527389484,5.08303886722268
prapr_JacksonCore_25_mutant-20,ReaderBasedJsonParser,64.06639950431887,4.576171393165633
prapr_JacksonCore_17_mutant-14,UTF8JsonGenerator,55.23548946303255,3.945392104502325
prapr_JacksonCore_17_mutant-6,UTF8JsonGenerator,44.15398342523506,3.1538559589453614
prapr_JacksonCore_17_mutant-11,UTF8JsonGenerator,71.49278608028396,3.574639304014198
prapr_JacksonCore_17_mutant-13,GeneratorBase,13.74792421839574,13.74792421839574
prapr_JacksonCore_17_mutant-12,UTF8JsonGenerator,27.79610182963279,2.1381616792025224
prapr_JacksonCore_17_mutant-8,UTF8JsonGenerator,79.5375586314097,4.678679919494688
prapr_JacksonCore_17_mutant-1,UTF8JsonGenerator,71.99048612831243,5.537729702177879
prapr_JacksonCore_17_mutant-10,UTF8JsonGenerator,65.60638096718137,3.452967419325335
prapr_JacksonCore_17_mutant-7,GeneratorBase,37.86437617421717,3.786437617421717
prapr_JacksonCore_17_mutant-2,UTF8JsonGenerator,57.29820012695222,3.819880008463481
prapr_JacksonCore_17_mutant-4,UTF8JsonGenerator,48.893484245200426,3.2595656163466953
prapr_JacksonCore_17_mutant-3,BufferRecycler,19.742067251795806,1.7947333865268915
prapr_JacksonCore_17_mutant-15,UTF8JsonGenerator,55.02962561885194,3.439351601178246
prapr_JacksonCore_17_mutant-9,BufferRecycler,27.708676964232712,2.518970633112065
prapr_JacksonCore_17_mutant-5,UTF8JsonGenerator,71.99048612831243,5.537729702177879
prapr_JacksonCore_4_mutant-1,TextBuffer,65.56844834971076,2.0490140109284614
prapr_JacksonCore_4_mutant-2,TextBuffer,81.62521267013209,2.5507878959416277
prapr_JacksonCore_8_mutant-6,TextBuffer,42.92424175687639,3.902203796079672
prapr_JacksonCore_8_mutant-1,TextBuffer,32.1174980658179,3.21174980658179
prapr_JacksonCore_8_mutant-2,TextBuffer,46.51157144931618,3.100771429954412
prapr_JacksonCore_8_mutant-4,TextBuffer,32.323304270711006,3.591478252301223
prapr_JacksonCore_8_mutant-3,TextBuffer,40.99613517899397,2.9282953699281404
prapr_JacksonCore_8_mutant-5,TextBuffer,39.97237294687177,3.331031078905981
prapr_JacksonCore_5_mutant-6,JsonPointer,21.672486791798192,1.9702260719816538
prapr_JacksonCore_5_mutant-1,JsonPointer,31.927573122722155,2.1285048748481437
prapr_JacksonCore_5_mutant-7,JsonPointer,32.722891462667796,2.1815260975111865
prapr_JacksonCore_5_mutant-2,NumberInput,37.67916317717912,2.5119442118119415
prapr_JacksonCore_5_mutant-4,JsonPointer,30.07871780544493,2.005247853696329
prapr_JacksonCore_5_mutant-3,NumberInput,27.361041011928993,5.472208202385799
prapr_JacksonCore_5_mutant-5,NumberInput,26.783264770329204,2.975918307814356
prapr_JacksonCore_9_mutant-1,ParserMinimalBase,37.29701935046371,2.4864679566975805
prapr_JacksonCore_11_mutant-6,ByteQuadsCanonicalizer,25.92814505128227,5.185629010256454
prapr_JacksonCore_11_mutant-8,ByteQuadsCanonicalizer,50.05514528527921,3.3370096856852807
prapr_JacksonCore_11_mutant-1,ByteQuadsCanonicalizer,38.980216493367685,9.745054123341921
prapr_JacksonCore_11_mutant-7,ByteQuadsCanonicalizer,75.51787053518046,5.034524702345364
prapr_JacksonCore_11_mutant-2,ByteQuadsCanonicalizer,60.94750427134416,4.063166951422944
prapr_JacksonCore_11_mutant-4,ByteQuadsCanonicalizer,58.981106678993235,8.425872382713319
prapr_JacksonCore_11_mutant-3,ByteQuadsCanonicalizer,57.972158266839216,3.8648105511226145
prapr_JacksonCore_11_mutant-9,ByteQuadsCanonicalizer,70.366685526552,8.795835690819
prapr_JacksonCore_11_mutant-5,ByteQuadsCanonicalizer,31.877295124626688,2.656441260385557
prapr_Jsoup_66_mutant-6,Element,35.077644125524294,3.897516013947144
prapr_Jsoup_66_mutant-8,Element,32.989533172328315,4.123691646541039
prapr_Jsoup_66_mutant-7,Element,22.417495550717042,3.7362492584528404
prapr_Jsoup_66_mutant-2,Element,67.43995772405583,4.495997181603722
prapr_Jsoup_66_mutant-4,Element,48.90605960951757,2.4453029804758786
prapr_Jsoup_66_mutant-3,Element,43.06629334797333,1.6563958979989741
prapr_Jsoup_66_mutant-5,Element,22.417495550717042,3.7362492584528404
prapr_Jsoup_68_mutant-1,HtmlTreeBuilder,31.74090283378327,2.8855366212530247
prapr_Jsoup_68_mutant-2,HtmlTreeBuilder,25.265872558664572,4.210978759777428
prapr_Jsoup_68_mutant-4,HtmlTreeBuilderState,20.856072666046995,2.6070090832558743
prapr_Jsoup_68_mutant-3,HtmlTreeBuilderState,20.856072666046995,2.6070090832558743
prapr_Jsoup_90_mutant-6,HttpConnection,31.127873941453753,3.890984242681719
prapr_Jsoup_90_mutant-11,HttpConnection,54.50622807516163,3.406639254697602
prapr_Jsoup_90_mutant-13,HttpConnection,29.463674656947557,4.9106124428245925
prapr_Jsoup_90_mutant-12,HttpConnection,52.78276263603649,3.2989226647522805
prapr_Jsoup_90_mutant-19,HttpConnection,62.558002809134166,3.9098751755708854
prapr_Jsoup_90_mutant-8,HttpConnection,11.08552737826226,11.08552737826226
prapr_Jsoup_90_mutant-1,HttpConnection,15.065460531349967,1.8831825664187458
prapr_Jsoup_90_mutant-16,HttpConnection,57.32587682700475,3.3721104015885146
prapr_Jsoup_90_mutant-10,HttpConnection,51.55398206583209,3.2221238791145055
prapr_Jsoup_90_mutant-7,HttpConnection,18.603708205826095,2.325463525728262
prapr_Jsoup_90_mutant-17,HttpConnection,53.42029901198128,3.33876868824883
prapr_Jsoup_90_mutant-2,HttpConnection,20.346949387859166,2.9067070554084524
prapr_Jsoup_90_mutant-4,HttpConnection,30.613627346654418,3.8267034183318023
prapr_Jsoup_90_mutant-3,HttpConnection,46.438787262937154,3.095919150862477
prapr_Jsoup_90_mutant-15,HttpConnection,35.87418368918906,4.4842729611486325
prapr_Jsoup_90_mutant-18,HttpConnection,49.429901719557996,9.8859803439116
prapr_Jsoup_90_mutant-9,HttpConnection,38.100895726885454,5.442985103840779
prapr_Jsoup_90_mutant-5,HttpConnection,34.23764441192561,4.891092058846516
prapr_Jsoup_19_mutant-1,Whitelist,25.049035131835826,2.0874195943196523
prapr_Jsoup_19_mutant-2,Whitelist,27.13902210700616,2.08761708515432
prapr_Jsoup_17_mutant-1,TreeBuilderState,23.744164035261388,3.957360672543565
prapr_Jsoup_17_mutant-2,TreeBuilderState,38.94713919818393,2.995933784475687
prapr_Jsoup_17_mutant-3,TreeBuilderState,23.744164035261388,3.957360672543565
prapr_Jsoup_64_mutant-1,HtmlTreeBuilderState,26.67007729677332,1.7780051531182215
prapr_Jsoup_26_mutant-1,Cleaner,57.123670414792095,3.360215906752476
prapr_Jsoup_26_mutant-2,Cleaner,42.31754432514484,2.350974684730269
prapr_Jsoup_26_mutant-4,Cleaner,56.05785314189495,4.671487761824579
prapr_Jsoup_26_mutant-3,Cleaner,46.7095967366089,2.9193497960380563
prapr_Jsoup_26_mutant-5,Cleaner,37.30066350210551,2.6643331072932503
prapr_Jsoup_45_mutant-6,HtmlTreeBuilder,26.378149600498364,3.2972687000622956
prapr_Jsoup_45_mutant-11,HtmlTreeBuilder,51.998568249375914,2.0799427299750364
prapr_Jsoup_45_mutant-13,HtmlTreeBuilder,33.146381253775644,3.682931250419516
prapr_Jsoup_45_mutant-12,HtmlTreeBuilder,28.219341043407265,2.8219341043407264
prapr_Jsoup_45_mutant-8,HtmlTreeBuilder,26.7759575465457,3.3469946933182126
prapr_Jsoup_45_mutant-1,HtmlTreeBuilder,34.35247767786181,3.4352477677861812
prapr_Jsoup_45_mutant-16,HtmlTreeBuilder,43.51908173618049,3.347621672013884
prapr_Jsoup_45_mutant-10,HtmlTreeBuilder,32.1446795796795,4.018084947459937
prapr_Jsoup_45_mutant-7,HtmlTreeBuilder,20.876533170230452,1.605887166940804
prapr_Jsoup_45_mutant-2,HtmlTreeBuilder,22.20673117476025,3.7011218624600417
prapr_Jsoup_45_mutant-4,HtmlTreeBuilder,37.41938188478362,3.741938188478362
prapr_Jsoup_45_mutant-3,HtmlTreeBuilder,39.54761892197092,4.943452365246365
prapr_Jsoup_45_mutant-15,HtmlTreeBuilder,34.82581536068451,3.4825815360684507
prapr_Jsoup_45_mutant-9,HtmlTreeBuilder,22.485735391223212,1.7296719531710163
prapr_Jsoup_45_mutant-5,HtmlTreeBuilder,22.733825584713284,2.8417281980891604
prapr_Jsoup_44_mutant-6,HtmlTreeBuilderState,33.167115254266996,4.1458894067833745
prapr_Jsoup_44_mutant-1,HtmlTreeBuilderState,77.26696644331518,7.024269676665017
prapr_Jsoup_44_mutant-2,HtmlTreeBuilderState,93.11298513669115,8.464816830608287
prapr_Jsoup_44_mutant-4,HtmlTreeBuilderState,31.954738469477856,2.4580568053444507
prapr_Jsoup_44_mutant-3,Node,56.2522726238081,2.9606459275688475
prapr_Jsoup_44_mutant-5,HtmlTreeBuilderState,33.167115254266996,4.1458894067833745
prapr_Jsoup_57_mutant-1,Node,22.526812742437137,2.252681274243714
prapr_Jsoup_46_mutant-1,Entities,49.4853811111177,4.498671010101609
prapr_Jsoup_51_mutant-1,CharacterReader,29.76444941572574,4.252064202246534
prapr_Jsoup_51_mutant-2,CharacterReader,40.18290005532025,1.9134714312057264
prapr_Jsoup_41_mutant-6,Element,32.48268217235886,4.640383167479837
prapr_Jsoup_41_mutant-1,Element,5.91265187154435,1.4781629678860875
prapr_Jsoup_41_mutant-2,Element,16.278190959675623,4.069547739918906
prapr_Jsoup_41_mutant-4,Element,25.37534369588832,3.625049099412617
prapr_Jsoup_41_mutant-3,Element,42.52920521011283,5.3161506512641035
prapr_Jsoup_41_mutant-5,Element,39.0865953431971,3.257216278599758
prapr_Jsoup_1_mutant-6,Document,31.259482506275504,5.209913751045917
prapr_Jsoup_1_mutant-11,Document,37.44480088834275,3.744480088834275
prapr_Jsoup_1_mutant-12,Document,37.50653830702861,3.125544858919051
prapr_Jsoup_1_mutant-8,Document,42.57724625170674,4.730805139078527
prapr_Jsoup_1_mutant-1,Document,54.3414624926421,3.8815330351887214
prapr_Jsoup_1_mutant-10,Document,24.061344174277906,3.0076680217847382
prapr_Jsoup_1_mutant-7,Document,25.847730167992058,5.169546033598412
prapr_Jsoup_1_mutant-2,Document,22.544172319608904,2.818021539951113
prapr_Jsoup_1_mutant-4,Document,28.647235209651953,3.1830261344057726
prapr_Jsoup_1_mutant-3,Document,9.119412025808096,9.119412025808096
prapr_Jsoup_1_mutant-9,Document,21.81383937953919,2.7267299224423986
prapr_Jsoup_1_mutant-5,Document,35.09147943972311,3.8990532710803456
prapr_Jsoup_75_mutant-1,TokeniserState,8.573420600224228,8.573420600224228
prapr_Jsoup_67_mutant-1,HtmlTreeBuilder,50.354043564662476,3.873387966512498
prapr_Jsoup_32_mutant-1,Element,28.355890630642715,4.725981771773786
prapr_Jsoup_77_mutant-1,XmlTreeBuilder,41.23966283433615,2.2910923796853417
prapr_Jsoup_85_mutant-1,Attribute,30.47044477132401,4.352920681617716
prapr_Jsoup_24_mutant-6,TokeniserState,25.915587828245112,4.319264638040852
prapr_Jsoup_24_mutant-11,TokeniserState,27.094643156068848,4.515773859344808
prapr_Jsoup_24_mutant-13,TokeniserState,27.01151811463999,3.376439764329999
prapr_Jsoup_24_mutant-12,TokeniserState,43.9952532964046,4.888361477378289
prapr_Jsoup_24_mutant-8,TokeniserState,10.380257096235772,10.380257096235772
prapr_Jsoup_24_mutant-10,TokeniserState,48.560713467139465,4.046726122261622
prapr_Jsoup_24_mutant-7,TokeniserState,27.094643156068848,4.515773859344808
prapr_Jsoup_24_mutant-2,TokeniserState,34.46621855831222,3.829579839812469
prapr_Jsoup_24_mutant-4,TokeniserState copy,37.55108685956928,3.413735169051753
prapr_Jsoup_24_mutant-3,TokeniserState,30.013584139974014,3.334842682219335
prapr_Jsoup_24_mutant-9,TokeniserState,26.115476941171764,4.352579490195294
prapr_Jsoup_24_mutant-5,TokeniserState,32.25790563261197,2.6881588027176644
prapr_Jsoup_80_mutant-1,XmlTreeBuilder,43.760320402680854,1.6207526075066983
prapr_Jsoup_80_mutant-2,XmlTreeBuilder,59.17139715850019,4.551645935269246
prapr_Jsoup_72_mutant-1,CharacterReader,66.72441827461918,2.4712747509118214
prapr_Jsoup_72_mutant-2,CharacterReader,33.29676832403111,6.659353664806223
prapr_Jsoup_40_mutant-1,DocumentType,11.584017429294484,11.584017429294484
prapr_Jsoup_61_mutant-1,Element,35.9924936096585,2.570892400689893
prapr_JacksonDatabind_86_mutant-1,LRUMap,44.19721946592841,3.156944247566315
prapr_JacksonDatabind_86_mutant-2,TypeFactory,29.431030559117445,5.886206111823489
prapr_JacksonDatabind_66_mutant-6,BasicDeserializerFactory,43.304779478843585,4.811642164315954
prapr_JacksonDatabind_66_mutant-8,BasicDeserializerFactory,36.91746235252376,6.152910392087294
prapr_JacksonDatabind_66_mutant-1,BasicDeserializerFactory,82.2864960342441,3.7402952742838225
prapr_JacksonDatabind_66_mutant-7,BasicDeserializerFactory,84.18802897076226,3.8267285895801026
prapr_JacksonDatabind_66_mutant-2,BasicDeserializerFactory,87.93357580017705,3.663898991674044
prapr_JacksonDatabind_66_mutant-4,BasicDeserializerFactory,92.13987796729852,3.8391615819707714
prapr_JacksonDatabind_66_mutant-3,BasicDeserializerFactory,103.87142434433156,4.516148884536155
prapr_JacksonDatabind_66_mutant-5,BasicDeserializerFactory,66.70821489446283,2.779508953935951
prapr_JacksonDatabind_96_mutant-1,BasicDeserializerFactory,40.432081277599465,4.0432081277599465
prapr_JacksonDatabind_71_mutant-1,DeserializerCache,34.37182031133392,8.59295507783348
prapr_JacksonDatabind_71_mutant-2,DeserializerCache,85.85469267961975,4.51866803576946
prapr_JacksonDatabind_28_mutant-1,JsonNodeDeserializer,44.138205702989836,7.356367617164973
prapr_JacksonDatabind_90_mutant-1,BasicDeserializerFactory,23.471020944821667,3.9118368241369446
prapr_JacksonDatabind_90_mutant-2,ValueInstantiator,61.865484961769276,4.418963211554948
prapr_JacksonDatabind_90_mutant-3,StdValueInstantiator,45.510151460169,4.137286496379
prapr_JacksonDatabind_48_mutant-6,SerializationConfig,60.27951018229915,3.1726057990683763
prapr_JacksonDatabind_48_mutant-11,SerializationConfig,62.40638442485676,2.713321061950294
prapr_JacksonDatabind_48_mutant-13,VisibilityChecker,43.42725127015348,4.825250141128164
prapr_JacksonDatabind_48_mutant-12,VisibilityChecker,40.10805939873756,1.4324306928120556
prapr_JacksonDatabind_48_mutant-8,SerializationConfig,70.909890549929,2.83639562199716
prapr_JacksonDatabind_48_mutant-1,VisibilityChecker,176.88053514411152,2.680008108244114
prapr_JacksonDatabind_48_mutant-10,VisibilityChecker,39.08387262010128,1.447550837781529
prapr_JacksonDatabind_48_mutant-7,SerializationConfig,67.95229498030832,2.718091799212333
prapr_JacksonDatabind_48_mutant-2,VisibilityChecker,183.89288105055223,2.7446698664261526
prapr_JacksonDatabind_48_mutant-4,VisibilityChecker,186.7078021430352,2.786683614075152
prapr_JacksonDatabind_48_mutant-3,VisibilityChecker,45.112150862090445,1.4552306729706594
prapr_JacksonDatabind_48_mutant-9,VisibilityChecker,34.76779002612216,1.2417067866472198
prapr_JacksonDatabind_48_mutant-5,SerializationConfig,138.3602365636576,4.771042640126124
prapr_JacksonDatabind_43_mutant-1,BeanDeserializer,9.73154261919157,9.73154261919157
prapr_JacksonDatabind_105_mutant-1,StdValueInstantiator,15.222547202992418,3.8056368007481045
prapr_JacksonDatabind_105_mutant-2,ValueInstantiator,20.599848508890723,5.149962127222681
prapr_JacksonDatabind_64_mutant-6,PropertyBuilder,24.243683145077398,2.4243683145077397
prapr_JacksonDatabind_64_mutant-1,PropertyBuilder,26.878779481080613,1.9199128200771867
prapr_JacksonDatabind_64_mutant-2,PropertyBuilder,75.47470385429696,3.430668357013498
prapr_JacksonDatabind_64_mutant-4,PropertyBuilder,25.03657283349364,4.172762138915607
prapr_JacksonDatabind_64_mutant-3,PropertyBuilder,21.543424632140756,5.385856158035189
prapr_JacksonDatabind_64_mutant-5,PropertyBuilder,40.32559950450978,4.032559950450978
prapr_JacksonDatabind_93_mutant-1,SubTypeValidator,37.40827074672191,2.4938847164481275
prapr_JacksonDatabind_98_mutant-1,BeanDeserializer,103.64577233703284,4.318573847376368
prapr_JacksonDatabind_98_mutant-2,BeanDeserializer,143.34480215014435,14.334480215014434
prapr_JacksonDatabind_98_mutant-3,BeanDeserializer,20.170162072062087,5.042540518015522
prapr_JacksonDatabind_103_mutant-6,DeserializationContext,30.642843453746544,6.128568690749309
prapr_JacksonDatabind_103_mutant-8,StdKeyDeserializer,15.416223463424542,3.8540558658561355
prapr_JacksonDatabind_103_mutant-1,StdKeyDeserializer,33.11578295576056,11.038594318586853
prapr_JacksonDatabind_103_mutant-7,StdKeyDeserializer,56.51846067154132,5.138041879231029
prapr_JacksonDatabind_103_mutant-2,StdKeyDeserializer,30.05893148563688,3.75736643570461
prapr_JacksonDatabind_103_mutant-3,StdKeyDeserializer,48.68920850902258,2.116922109087938
prapr_JacksonDatabind_20_mutant-6,POJOPropertyBuilder,11.565650789465161,1.9276084649108602
prapr_JacksonDatabind_20_mutant-1,POJOPropertiesCollector,49.93042423655658,1.9972169694622632
prapr_JacksonDatabind_20_mutant-7,POJOPropertyBuilder,23.735778660463474,3.9559631100772457
prapr_JacksonDatabind_20_mutant-2,POJOPropertiesCollector,51.26393444175876,2.330178838261762
prapr_JacksonDatabind_20_mutant-3,POJOPropertyBuilder,37.93284622872345,2.3708028892952155
prapr_JacksonDatabind_20_mutant-5,POJOPropertyBuilder,25.394945662458355,3.6278493803511935
prapr_JacksonDatabind_51_mutant-1,FieldProperty,9.683408154523892,9.683408154523892
prapr_JacksonDatabind_83_mutant-1,FromStringDeserializer,25.278518036545098,1.6852345357696732
prapr_JacksonDatabind_83_mutant-2,FromStringDeserializer,106.45996030765951,3.8021414395592683
prapr_JacksonDatabind_83_mutant-3,FromStringDeserializer,158.1792535851528,15.817925358515279
prapr_JacksonDatabind_70_mutant-1,BeanPropertyMap,30.44083486719406,5.073472477865677
prapr_JacksonDatabind_35_mutant-6,BeanDeserializerBase,28.350253592882247,2.3625211327401874
prapr_JacksonDatabind_35_mutant-11,BeanDeserializerBase,32.236873307135994,5.372812217855999
prapr_JacksonDatabind_35_mutant-8,BeanDeserializerBase,24.773708861986613,2.0644757384988845
prapr_JacksonDatabind_35_mutant-1,BeanDeserializerBase,27.02952632220783,2.2524605268506526
prapr_JacksonDatabind_35_mutant-10,BeanDeserializerBase,26.988260705047427,2.249021725420619
prapr_JacksonDatabind_35_mutant-7,BeanDeserializerBase,30.525174895662488,5.087529149277081
prapr_JacksonDatabind_35_mutant-2,BeanDeserializerBase,58.36625034177066,4.863854195147555
prapr_JacksonDatabind_35_mutant-4,BeanDeserializerBase,27.259646348897256,2.7259646348897255
prapr_JacksonDatabind_35_mutant-3,BeanDeserializerBase,26.612193575846085,1.6632620984903803
prapr_JacksonDatabind_35_mutant-9,BeanDeserializerBase,34.6240055866084,2.8853337988840333
prapr_JacksonDatabind_35_mutant-5,BeanDeserializerBase,23.08588220318436,1.9238235169320301
prapr_JacksonDatabind_14_mutant-14,ObjectReader,47.51580691534781,2.3757903457673906
prapr_JacksonDatabind_14_mutant-6,ObjectReader,58.78966722798396,1.7291078596465872
prapr_JacksonDatabind_14_mutant-11,ObjectReader,56.44255007582152,4.34173462121704
prapr_JacksonDatabind_14_mutant-13,ObjectReader,18.925010764102836,2.3656263455128546
prapr_JacksonDatabind_14_mutant-12,ObjectReader,69.27160919963845,2.0991396727163165
prapr_JacksonDatabind_14_mutant-19,ObjectReader,15.801998045643002,3.9504995114107504
prapr_JacksonDatabind_14_mutant-8,ObjectReader,74.72069523569515,2.3350217261154733
prapr_JacksonDatabind_14_mutant-1,ObjectReader,157.73393719402128,1.2322963843282912
prapr_JacksonDatabind_14_mutant-16,ObjectReader,7.16904923424119,7.16904923424119
prapr_JacksonDatabind_14_mutant-10,ObjectReader,80.64213158100965,2.6880710527003218
prapr_JacksonDatabind_14_mutant-7,ObjectReader,41.56288974335613,1.8070821627546143
prapr_JacksonDatabind_14_mutant-17,ObjectReader,21.84681502843813,3.6411358380730214
prapr_JacksonDatabind_14_mutant-2,ObjectReader,51.49468146417342,4.291223455347785
prapr_JacksonDatabind_14_mutant-4,ObjectReader,26.58550168967362,3.7979288128105173
prapr_JacksonDatabind_14_mutant-3,ObjectReader,38.312866774678845,2.947143598052219
prapr_JacksonDatabind_14_mutant-15,ObjectReader,21.84681502843813,3.6411358380730214
prapr_JacksonDatabind_14_mutant-18,ObjectReader,84.80644789234057,2.650201496635643
prapr_JacksonDatabind_14_mutant-9,ObjectReader,50.56136210901788,3.6115258649298485
prapr_JacksonDatabind_14_mutant-5,ObjectReader,64.92351346060258,1.9673791957758358
prapr_JacksonDatabind_14_mutant-20,ObjectReader,41.34808960558636,2.7565393070390907
prapr_JacksonDatabind_3_mutant-14,StringArrayDeserializer,34.3421491553307,5.723691525888451
prapr_JacksonDatabind_3_mutant-6,StringArrayDeserializer,48.887511249385625,2.1255439673645924
prapr_JacksonDatabind_3_mutant-11,StdDeserializer,44.06565180486852,2.4480917669371403
prapr_JacksonDatabind_3_mutant-13,StringArrayDeserializer,69.49222292511794,4.087777819124585
prapr_JacksonDatabind_3_mutant-12,BasicDeserializerFactory,28.990798271737606,1.8119248919836004
prapr_JacksonDatabind_3_mutant-8,BasicDeserializerFactory,84.28791738861644,5.619194492574429
prapr_JacksonDatabind_3_mutant-1,StringArrayDeserializer,34.3421491553307,5.723691525888451
prapr_JacksonDatabind_3_mutant-16,StringArrayDeserializer,28.535409208942493,3.1706010232158324
prapr_JacksonDatabind_3_mutant-10,StringArrayDeserializer,14.979598241957875,2.995919648391575
prapr_JacksonDatabind_3_mutant-2,StringArrayDeserializer,50.20306172947596,3.3468707819650643
prapr_JacksonDatabind_3_mutant-4,StringArrayDeserializer,91.23636087871468,4.561818043935734
prapr_JacksonDatabind_3_mutant-3,StdDeserializer,20.060831228708654,5.0152078071771635
prapr_JacksonDatabind_3_mutant-15,StringArrayDeserializer,18.02956464489909,3.605912928979818
prapr_JacksonDatabind_3_mutant-9,StdDeserializer,68.29213921660812,2.5293384895040045
prapr_JacksonDatabind_110_mutant-1,JavaUtilCollectionsDeserializers,62.061269618533075,2.5858862341055446
prapr_JacksonDatabind_76_mutant-1,BuilderBasedDeserializer,94.51821848438308,3.7807287393753235
prapr_JacksonDatabind_41_mutant-1,TypeFactory,55.72955137686716,3.715303425124477
prapr_JacksonDatabind_41_mutant-2,TypeFactory,81.46682311443686,4.79216606555511
prapr_JacksonDatabind_41_mutant-4,TypeFactory,60.231683277342796,4.015445551822853
prapr_JacksonDatabind_41_mutant-3,TypeFactory,57.62443289080717,3.8416288593871446
prapr_JacksonDatabind_41_mutant-5,TypeFactory,77.36578104053771,5.157718736035847
prapr_JacksonDatabind_16_mutant-6,AnnotatedMember,33.70060946452814,2.4071863903234387
prapr_JacksonDatabind_16_mutant-1,AnnotationMap,21.62829711993385,1.9662088290848956
prapr_JacksonDatabind_16_mutant-7,AnnotatedClass,32.82458786749226,2.9840534424992966
prapr_JacksonDatabind_16_mutant-2,AnnotationMap,19.61455553840533,2.4518194423006663
prapr_JacksonDatabind_16_mutant-4,AnnotationMap,31.425432217137928,2.095028814475862
prapr_JacksonDatabind_16_mutant-3,AnnotatedMember,35.49618692882913,3.226926084439012
prapr_JacksonDatabind_16_mutant-5,AnnotatedClass,27.170849748281654,1.9407749820201181
prapr_JacksonDatabind_1_mutant-1,BeanPropertyWriter,68.601384348137,6.236489486194273
prapr_JacksonDatabind_1_mutant-2,BeanPropertyWriter,11.073081193019815,11.073081193019815
prapr_JacksonDatabind_59_mutant-14,TypeBindings,24.731633638908722,4.12193893981812
prapr_JacksonDatabind_59_mutant-11,TypeBindings,18.741643626616664,1.7037857842378785
prapr_JacksonDatabind_59_mutant-31,TypeFactory,32.11934326774177,5.353223877956961
prapr_JacksonDatabind_59_mutant-25,TypeFactory,81.46710042396529,5.819078601711807
prapr_JacksonDatabind_59_mutant-13,TypeFactory,14.339164379954596,1.5932404866616219
prapr_JacksonDatabind_59_mutant-27,TypeFactory,50.97060689286638,5.0970606892866375
prapr_JacksonDatabind_59_mutant-23,TypeBindings,46.07636377325486,7.679393962209144
prapr_JacksonDatabind_59_mutant-30,TypeBindings,44.804405082858366,4.480440508285836
prapr_JacksonDatabind_59_mutant-21,TypeFactory,78.67265171453774,6.556054309544812
prapr_JacksonDatabind_59_mutant-28,TypeFactory,32.11934326774177,5.353223877956961
prapr_JacksonDatabind_59_mutant-32,TypeFactory,51.28744226031273,4.662494750937521
prapr_JacksonDatabind_59_mutant-12,TypeBindings,40.41418723715493,2.0207093618577465
prapr_JacksonDatabind_59_mutant-38,TypeFactory,69.22904502134978,6.922904502134978
prapr_JacksonDatabind_59_mutant-19,TypeFactory,30.06076411035515,2.312366470027319
prapr_JacksonDatabind_59_mutant-8,TypeBindings,36.377027349530124,2.5983590963950087
prapr_JacksonDatabind_59_mutant-37,TypeBindings,36.98184932909713,7.396369865819426
prapr_JacksonDatabind_59_mutant-1,TypeFactory,20.678143495153854,3.446357249192309
prapr_JacksonDatabind_59_mutant-24,LRUMap,44.19721946592841,3.156944247566315
prapr_JacksonDatabind_59_mutant-16,TypeBindings,29.096407372895115,3.6370509216118894
prapr_JacksonDatabind_59_mutant-22,TypeFactory,142.87989731183336,14.287989731183336
prapr_JacksonDatabind_59_mutant-35,TypeBindings,28.683712549335127,7.170928137333782
prapr_JacksonDatabind_59_mutant-10,TypeFactory,74.9135942097637,6.242799517480308
prapr_JacksonDatabind_59_mutant-7,TypeFactory,46.82808243027402,4.682808243027402
prapr_JacksonDatabind_59_mutant-26,TypeBindings,28.683712549335127,7.170928137333782
prapr_JacksonDatabind_59_mutant-17,TypeBindings,32.44233989068766,4.055292486335958
prapr_JacksonDatabind_59_mutant-29,TypeFactory,32.09225630198662,3.209225630198662
prapr_JacksonDatabind_59_mutant-33,TypeBindings,23.77520802987449,1.8288621561441916
prapr_JacksonDatabind_59_mutant-34,TypeFactory,48.51352379240726,4.851352379240726
prapr_JacksonDatabind_59_mutant-2,TypeFactory,73.38031715589345,6.115026429657788
prapr_JacksonDatabind_59_mutant-4,TypeFactory,28.19816428307494,2.3498470235895783
prapr_JacksonDatabind_59_mutant-3,TypeFactory,63.09883537507908,5.736257761370825
prapr_JacksonDatabind_59_mutant-15,TypeBindings,12.433341203703849,2.0722235339506416
prapr_JacksonDatabind_59_mutant-18,TypeBindings,29.02875825119245,4.838126375198741
prapr_JacksonDatabind_59_mutant-9,TypeBindings,28.000873636023965,2.8000873636023966
prapr_JacksonDatabind_59_mutant-5,TypeFactory,23.669324922131803,2.6299249913479783
prapr_JacksonDatabind_59_mutant-20,TypeFactory,74.55119201591175,6.212599334659313
prapr_JacksonDatabind_5_mutant-6,ObjectMapper,32.89278385725996,8.22319596431499
prapr_JacksonDatabind_5_mutant-8,ObjectMapper,29.845760558399334,2.7132509598544847
prapr_JacksonDatabind_5_mutant-1,AnnotatedClass,59.502616581354566,3.305700921186365
prapr_JacksonDatabind_5_mutant-7,ObjectMapper,67.47772554870448,3.3738862774352243
prapr_JacksonDatabind_5_mutant-2,ObjectMapper,33.56270612116335,1.9742768306566678
prapr_JacksonDatabind_5_mutant-4,ObjectMapper,34.420231259104966,2.647710096854228
prapr_JacksonDatabind_5_mutant-3,AnnotatedClass,53.39616075954777,2.542674321883227
prapr_JacksonDatabind_5_mutant-5,ClassUtil,27.426107898322737,1.714131743645171
prapr_JacksonDatabind_54_mutant-1,PropertyBuilder,60.691612181585825,4.046107478772388
prapr_JacksonDatabind_54_mutant-2,PropertyBuilder,53.041752190191154,5.304175219019116
prapr_JacksonDatabind_54_mutant-3,PropertyBuilder,45.88120802350135,4.171018911227396
prapr_JacksonDatabind_101_mutant-1,BeanDeserializer,71.43353372368844,7.937059302632049
prapr_JacksonDatabind_101_mutant-2,BeanDeserializer,46.623433032693754,7.770572172115625
prapr_JacksonDatabind_101_mutant-4,BeanDeserializer,23.025850929940457,23.025850929940457
prapr_JacksonDatabind_101_mutant-3,BeanDeserializer,159.03016528996875,5.679648760356026
prapr_JacksonDatabind_101_mutant-5,BeanDeserializer,47.878687531289025,6.839812504469861
prapr_JacksonDatabind_53_mutant-6,TypeFactory,20.69892168349553,4.1397843366991065
prapr_JacksonDatabind_53_mutant-1,TypeFactory,20.69892168349553,4.1397843366991065
prapr_JacksonDatabind_53_mutant-2,TypeFactory,41.763921490984984,6.96065358183083
prapr_JacksonDatabind_53_mutant-4,TypeFactory,28.11446411257038,3.1238293458411537
prapr_JacksonDatabind_53_mutant-3,TypeFactory,24.499118988543355,4.0831864980905594
prapr_JacksonDatabind_53_mutant-5,TypeFactory,24.499118988543355,4.0831864980905594
prapr_JacksonDatabind_82_mutant-1,BeanDeserializerFactory,46.71643432329479,3.593571871022676
prapr_JacksonDatabind_37_mutant-1,SimpleType,69.5730907618018,3.4786545380900895
prapr_JacksonDatabind_37_mutant-2,SimpleType,28.82965828631411,1.6958622521361242
prapr_JacksonDatabind_13_mutant-1,StdDeserializer,22.033353573836578,5.5083383934591446
prapr_JacksonDatabind_27_mutant-6,ExternalTypeHandler,37.11366962034724,1.9533510326498547
prapr_JacksonDatabind_27_mutant-1,ExternalTypeHandler,18.514312641784528,3.0857187736307545
prapr_JacksonDatabind_27_mutant-7,ExternalTypeHandler,59.22277627566494,2.6919443761665884
prapr_JacksonDatabind_27_mutant-2,ExternalTypeHandler,27.475427509161182,4.57923791819353
prapr_JacksonDatabind_27_mutant-4,BeanDeserializer,64.95341640773758,6.495341640773757
prapr_JacksonDatabind_27_mutant-3,BeanDeserializer,34.36323735865608,5.7272062264426795
prapr_JacksonDatabind_27_mutant-5,ExternalTypeHandler,53.72522389078739,2.2385509954494744
prapr_JacksonDatabind_24_mutant-1,BaseSettings,33.95663710299419,3.395663710299419
prapr_JacksonDatabind_24_mutant-2,BaseSettings,44.95015626492484,2.996677084328323
prapr_JacksonDatabind_108_mutant-1,ObjectReader,66.37086139935289,2.370387907119746
prapr_JacksonDatabind_108_mutant-2,ObjectReader,44.88540643503519,3.4527235719257843
prapr_JacksonDatabind_29_mutant-1,TokenBuffer,24.148828793334896,6.037207198333724
prapr_JacksonDatabind_80_mutant-1,AnnotationIntrospector,62.94513782789077,2.0981712609296923
prapr_JacksonDatabind_102_mutant-1,DateTimeSerializerBase,23.025850929940457,23.025850929940457
prapr_JacksonDatabind_107_mutant-6,DeserializationContext,47.48888850204495,3.16592590013633
prapr_JacksonDatabind_107_mutant-11,DeserializationConfig,29.69449604607674,2.284192003544365
prapr_JacksonDatabind_107_mutant-8,DeserializationConfig,26.50749397424873,3.3134367467810915
prapr_JacksonDatabind_107_mutant-1,DeserializationConfig,26.50749397424873,3.3134367467810915
prapr_JacksonDatabind_107_mutant-10,DeserializationConfig,50.96309729285593,3.92023825329661
prapr_JacksonDatabind_107_mutant-7,StdTypeResolverBuilder,47.70832438467919,3.9756936987232656
prapr_JacksonDatabind_107_mutant-2,DeserializationConfig,41.62267888678816,2.9730484919134397
prapr_JacksonDatabind_107_mutant-4,DeserializationConfig,39.526946914142215,3.2939122428451846
prapr_JacksonDatabind_107_mutant-3,DeserializationContext,28.998766263659626,4.833127710609937
prapr_JacksonDatabind_107_mutant-9,DeserializationConfig,53.22769685154653,3.5485131234364355
prapr_JacksonDatabind_107_mutant-5,DeserializationContext,61.71976132591743,3.428875629217635
prapr_JacksonDatabind_34_mutant-1,NumberSerializer,26.77003001541775,1.274763334067512
prapr_Compress_18_mutant-14,TarArchiveEntry,12.470101417553762,2.0783502362589603
prapr_Compress_18_mutant-6,TarArchiveOutputStream,24.074482860314387,2.1885893509376717
prapr_Compress_18_mutant-11,TarArchiveOutputStream,45.84553807222945,4.584553807222945
prapr_Compress_18_mutant-31,TarArchiveOutputStream,21.970267792459268,2.7462834740574085
prapr_Compress_18_mutant-25,TarArchiveEntry,50.413945539758885,4.20116212831324
prapr_Compress_18_mutant-13,TarArchiveOutputStream,106.58295461571792,4.634041505031214
prapr_Compress_18_mutant-27,TarArchiveEntry,22.649172722721485,5.662293180680371
prapr_Compress_18_mutant-23,TarArchiveOutputStream,101.84763356704865,5.9910372686499205
prapr_Compress_18_mutant-36,TarArchiveEntry,27.118546589488698,2.465322417226245
prapr_Compress_18_mutant-30,TarArchiveOutputStream,23.443848280853885,3.9073080468089807
prapr_Compress_18_mutant-21,TarArchiveOutputStream,213.32946509194744,7.356188451446464
prapr_Compress_18_mutant-28,TarArchiveOutputStream,56.415327829847485,5.128666166349771
prapr_Compress_18_mutant-32,TarArchiveOutputStream,40.79641476539184,4.532934973932426
prapr_Compress_18_mutant-12,TarArchiveEntry,46.4008003008456,3.8667333584038004
prapr_Compress_18_mutant-19,TarArchiveOutputStream,64.49952906105945,5.374960755088288
prapr_Compress_18_mutant-8,TarArchiveOutputStream,233.04655196407475,8.323091141574098
prapr_Compress_18_mutant-1,TarArchiveOutputStream,187.56786849906663,7.5027147399626655
prapr_Compress_18_mutant-24,TarArchiveEntry,28.649683192238907,2.2038217840183774
prapr_Compress_18_mutant-16,TarArchiveOutputStream,84.03626817548724,4.2018134087743615
prapr_Compress_18_mutant-22,TarArchiveEntry,12.470101417553762,2.0783502362589603
prapr_Compress_18_mutant-35,TarArchiveOutputStream,40.78139049802242,2.3989053234130835
prapr_Compress_18_mutant-10,TarArchiveEntry,24.74357725064462,4.948715450128924
prapr_Compress_18_mutant-7,TarArchiveOutputStream,61.74639854281276,2.4698559417125105
prapr_Compress_18_mutant-26,TarArchiveOutputStream,46.001793761409864,2.7059878683182275
prapr_Compress_18_mutant-17,TarArchiveOutputStream,93.29503053849135,5.487942972852432
prapr_Compress_18_mutant-29,TarArchiveOutputStream,43.54679913576117,7.257799855960195
prapr_Compress_18_mutant-33,TarArchiveOutputStream,24.466523864505756,6.116630966126439
prapr_Compress_18_mutant-34,TarArchiveEntry,35.62334303529808,5.9372238392163466
prapr_Compress_18_mutant-2,TarArchiveOutputStream,81.68219738565138,4.804835140332434
prapr_Compress_18_mutant-4,TarArchiveEntry,39.08498413462676,3.908498413462676
prapr_Compress_18_mutant-3,TarArchiveEntry,32.30467230914415,2.9367883917403774
prapr_Compress_18_mutant-15,TarArchiveOutputStream,106.69598078586502,4.638955686341958
prapr_Compress_18_mutant-18,TarArchiveOutputStream,106.31596222862285,5.595576959401202
prapr_Compress_18_mutant-9,TarArchiveOutputStream,82.14289153936362,5.86734939566883
prapr_Compress_18_mutant-5,TarArchiveOutputStream,90.7538495541414,4.776518397586389
prapr_Compress_18_mutant-20,TarArchiveOutputStream,23.443848280853885,3.9073080468089807
prapr_Compress_19_mutant-1,Zip64ExtendedInformationExtraField,46.57587858155677,7.762646430259462
prapr_Compress_45_mutant-1,TarUtils,62.19422146162658,5.182851788468882
prapr_Compress_45_mutant-2,TarUtils,30.357705121758404,3.0357705121758403
prapr_Compress_45_mutant-4,TarUtils,36.13990260410456,6.0233171006840935
prapr_Compress_45_mutant-3,TarUtils,38.087075091130544,3.8087075091130544
prapr_Compress_35_mutant-1,TarArchiveInputStream,42.462829819127634,0.801185468285427
prapr_Compress_35_mutant-2,TarArchiveInputStream,22.881823962232854,1.2712124423462696
prapr_Compress_14_mutant-1,TarUtils,37.68214553829911,3.425649594390828
prapr_Compress_14_mutant-2,TarUtils,34.171582229474794,3.1065074754067994
prapr_Compress_4_mutant-6,ZipArchiveOutputStream,53.37572684696828,7.625103835281182
prapr_Compress_4_mutant-8,ZipArchiveOutputStream,29.964782128892285,7.491195532223071
prapr_Compress_4_mutant-1,ZipArchiveOutputStream,22.25648352387715,7.418827841292384
prapr_Compress_4_mutant-7,ZipArchiveOutputStream,38.41951715937309,2.561301143958206
prapr_Compress_4_mutant-2,ZipArchiveOutputStream,34.398159168010466,6.879631833602093
prapr_Compress_4_mutant-4,ZipArchiveOutputStream,29.284414918809475,3.6605518648511843
prapr_Compress_4_mutant-3,ZipArchiveOutputStream,12.131357171838067,12.131357171838067
prapr_Compress_4_mutant-9,ZipArchiveOutputStream,79.69167649774363,2.4903648905544884
prapr_Compress_4_mutant-5,ZipArchiveOutputStream,45.69533703869773,4.154121548972521
prapr_Compress_16_mutant-39,TarArchiveEntry,96.22756783258048,2.3470138495751334
prapr_Compress_16_mutant-27,TarArchiveEntry,89.02187374461816,2.618290404253475
prapr_Compress_16_mutant-8,TarArchiveEntry,68.85024909950833,2.374146520672701
prapr_Compress_16_mutant-16,TarArchiveEntry,64.41163345456543,2.927801520662065
prapr_Compress_16_mutant-40,TarArchiveEntry,69.12314276079259,2.3041047586930863
prapr_Compress_16_mutant-17,TarArchiveEntry,113.31312987546107,2.98192447040687
prapr_Compress_16_mutant-29,TarArchiveEntry,97.12461157704426,2.6249895020822773
prapr_Compress_16_mutant-20,TarUtils,45.17479321686184,5.64684915210773
prapr_Compress_27_mutant-1,TarUtils,32.81335991413563,4.101669989266954
prapr_Compress_27_mutant-2,TarUtils,28.289401082632654,4.714900180438776
prapr_Compress_27_mutant-4,TarUtils,53.820595126281326,5.382059512628133
prapr_Compress_27_mutant-3,TarUtils,58.45150849670077,5.845150849670077
prapr_Compress_27_mutant-5,TarUtils,28.705917226610502,3.588239653326313
prapr_Compress_38_mutant-1,TarArchiveEntry,24.669540582806583,4.933908116561317
prapr_Compress_38_mutant-2,TarArchiveEntry,22.77741296325683,5.694353240814207
prapr_Compress_38_mutant-3,TarArchiveEntry,35.560301108394,5.926716851399
prapr_Compress_34_mutant-1,X7875_NewUnix,17.308153258922296,2.163519157365287
prapr_Gson_18_mutant-1,$Gson$Types,23.14206764096322,3.3060096629947457
prapr_Gson_16_mutant-6,$Gson$Types,22.61166166794145,2.8264577084926814
prapr_Gson_16_mutant-11,$Gson$Types,55.65828777932793,2.319095324138664
prapr_Gson_16_mutant-8,$Gson$Types,48.665684935502014,2.433284246775101
prapr_Gson_16_mutant-1,$Gson$Types,37.178699149600995,1.770414245219095
prapr_Gson_16_mutant-10,$Gson$Types,45.42556775921824,3.244683411372731
prapr_Gson_16_mutant-7,$Gson$Types,52.385265447249985,1.5874322862803025
prapr_Gson_16_mutant-2,$Gson$Types,19.494925481751974,3.2491542469586623
prapr_Gson_16_mutant-4,$Gson$Types,43.01070064591087,1.9550318475414032
prapr_Gson_16_mutant-3,$Gson$Types,24.486722934379856,2.720746992708873
prapr_Gson_16_mutant-9,$Gson$Types,38.01825099539982,2.715589356814273
prapr_Gson_16_mutant-5,$Gson$Types,11.213018716563845,1.8688364527606407
prapr_Gson_6_mutant-1,JsonAdapterAnnotationTypeAdapterFactory,61.15632055147572,3.2187537132355644
prapr_Gson_6_mutant-2,JsonAdapterAnnotationTypeAdapterFactory,40.99185009030904,2.411285299429944
prapr_Gson_5_mutant-6,DefaultDateTypeAdapter,19.65204547944697,1.2282528424654355
prapr_Gson_5_mutant-8,ISO8601Utils,27.716614477023878,2.771661447702388
prapr_Gson_5_mutant-1,ISO8601Utils,21.54060444308456,1.7950503702570468
prapr_Gson_5_mutant-10,ISO8601Utils,18.4654075957021,1.5387839663085083
prapr_Gson_5_mutant-7,ISO8601Utils,19.4556734327346,1.4965902640565076
prapr_Gson_5_mutant-2,ISO8601Utils,25.788550625393494,4.298091770898916
prapr_Gson_5_mutant-4,ISO8601Utils,41.08411454978043,3.4236762124817024
prapr_Gson_5_mutant-3,ISO8601Utils,33.679190810222714,5.613198468370452
prapr_Gson_5_mutant-9,ISO8601Utils,31.87833307437764,2.6565277561981366
prapr_Gson_5_mutant-5,DefaultDateTypeAdapter,20.070735523594706,1.2544209702246691
prapr_Codec_8_mutant-14,Base64,12.538945274573637,12.538945274573637
prapr_Codec_8_mutant-6,Base64InputStream,23.2094342485546,3.868239041425767
prapr_Codec_8_mutant-11,Base64InputStream,9.023877403615737,9.023877403615737
prapr_Codec_8_mutant-13,Base64InputStream,23.2094342485546,3.868239041425767
prapr_Codec_8_mutant-12,Base64,34.83756328330257,2.1773477052064107
prapr_Codec_8_mutant-8,Base64InputStream,37.09480509512735,2.649628935366239
prapr_Codec_8_mutant-1,Base64InputStream,49.22528766934089,3.516091976381492
prapr_Codec_8_mutant-10,Base64InputStream,59.04520522277356,3.280289179042976
prapr_Codec_8_mutant-7,Base64InputStream,54.810659305866224,3.2241564297568366
prapr_Codec_8_mutant-2,Base64InputStream,50.11838473253346,3.3412256488355636
prapr_Codec_8_mutant-4,Base64InputStream,46.19376233333307,3.2995544523809337
prapr_Codec_8_mutant-3,Base64InputStream,63.43214588759183,3.7313026992701075
prapr_Codec_8_mutant-9,Base64InputStream,44.68595208946695,2.9790634726311302
prapr_Codec_8_mutant-5,Base64InputStream,39.52820499963886,2.8234432142599184
prapr_Codec_16_mutant-6,Base32,48.521105240350316,1.7970779718648264
prapr_Codec_16_mutant-11,Base32,13.154549393652326,3.2886373484130815
prapr_Codec_16_mutant-8,Base32,31.683453479665836,2.8803139526968944
prapr_Codec_16_mutant-1,Base32,13.442167348156785,3.360541837039196
prapr_Codec_16_mutant-10,Base32,58.09656870904828,5.809656870904828
prapr_Codec_16_mutant-7,Base32,36.48905265108838,3.317186604644398
prapr_Codec_16_mutant-2,Base32,56.377360709108856,2.0880503966336614
prapr_Codec_16_mutant-4,Base32,60.70690697897259,1.8970908430928934
prapr_Codec_16_mutant-3,Base32,41.36679752384678,2.5854248452404236
prapr_Codec_16_mutant-9,Base32,33.23001266363971,2.556154820279978
prapr_Codec_16_mutant-5,Base32,13.154549393652326,3.2886373484130815
prapr_Codec_9_mutant-6,Base64,32.134633031352095,3.570514781261344
prapr_Codec_9_mutant-8,Base64,72.53700789703858,4.533562993564911
prapr_Codec_9_mutant-1,Base64,40.609855303666144,4.060985530366614
prapr_Codec_9_mutant-7,Base64,23.1626318376426,2.5736257597380665
prapr_Codec_9_mutant-2,Base64,47.88795388675036,4.353450353340942
prapr_Codec_9_mutant-4,Base64,32.43487347408139,3.603874830453488
prapr_Codec_9_mutant-3,Base64,36.36009801712106,3.3054634561019145
prapr_Codec_9_mutant-5,Base64,22.37379633201178,2.237379633201178
prapr_Codec_7_mutant-1,Base64,63.005086356379636,1.8001453244679897
prapr_Codec_15_mutant-6,Soundex,34.01785187564471,1.7904132566128794
prapr_Codec_15_mutant-1,Soundex,22.521877753708882,2.252187775370888
prapr_Codec_15_mutant-7,Soundex,44.614116546047846,1.7159275594633787
prapr_Codec_15_mutant-2,Soundex,35.33263086900363,2.078390051117861
prapr_Codec_15_mutant-4,Soundex,36.112706332666875,2.1242768430980514
prapr_Codec_15_mutant-3,Soundex,48.87694423859134,1.7456051513782622
prapr_Codec_15_mutant-5,Soundex,44.690543705649105,1.7188670656018887
prapr_Cli_18_mutant-1,PosixParser,31.74845145944627,3.174845145944627
prapr_Cli_18_mutant-2,PosixParser,31.48550429280981,6.297100858561962
prapr_Cli_18_mutant-4,PosixParser,27.648127887360662,2.513466171578242
prapr_Cli_18_mutant-3,PosixParser,44.18269346161676,3.6818911218013963
prapr_Cli_19_mutant-6,PosixParser,60.8940566619941,7.611757082749262
prapr_Cli_19_mutant-1,PosixParser,30.883397385363125,6.176679477072625
prapr_Cli_19_mutant-2,PosixParser,39.10836038913477,3.555305489921343
prapr_Cli_19_mutant-4,PosixParser,44.506077418670195,3.7088397848891828
prapr_Cli_19_mutant-3,PosixParser,27.556891447201174,4.592815241200196
prapr_Cli_19_mutant-5,PosixParser,26.625935754956984,2.4205396140869984
prapr_Cli_22_mutant-6,PosixParser,14.628285291060347,1.8285356613825434
prapr_Cli_22_mutant-1,PosixParser,40.353392895438226,4.483710321715359
prapr_Cli_22_mutant-7,PosixParser,44.55264603616029,2.2276323018080144
prapr_Cli_22_mutant-2,PosixParser,36.893120108507034,2.0496177838059464
prapr_Cli_22_mutant-4,PosixParser,31.25472113497162,3.4727467927746245
prapr_Cli_22_mutant-3,PosixParser,46.07937963150452,5.119931070167169
prapr_Cli_22_mutant-5,PosixParser,9.710487923420716,9.710487923420716
prapr_Cli_14_mutant-1,GroupImpl,10.904539517513243,10.904539517513243
prapr_Cli_14_mutant-2,GroupImpl,45.21598944074288,5.65199868009286
prapr_Cli_8_mutant-1,HelpFormatter,44.88141524275607,2.6400832495738866
prapr_Cli_8_mutant-2,HelpFormatter,71.95564047590042,4.2326847338764955
prapr_Cli_5_mutant-1,Util,32.04894718407103,2.0030591990044395
prapr_Cli_5_mutant-2,Util,33.242170516021126,2.0776356572513204
prapr_Cli_32_mutant-6,HelpFormatter,101.79913741933547,3.5103150834253607
prapr_Cli_32_mutant-1,HelpFormatter,56.33488076446487,1.4824968622227597
prapr_Cli_32_mutant-7,HelpFormatter,106.6664921664113,3.678154902290045
prapr_Cli_32_mutant-2,HelpFormatter,29.836744545547457,5.967348909109491
prapr_Cli_32_mutant-4,HelpFormatter,79.06940296840583,2.9284964062372527
prapr_Cli_32_mutant-3,HelpFormatter,42.82484469278292,1.784368528865955
prapr_Cli_32_mutant-5,HelpFormatter,37.74067177023153,1.640898772618762
prapr_Cli_37_mutant-1,Options,51.34748378329979,3.209217736456237
prapr_Cli_37_mutant-2,Options,7.743641798467303,0.5956647537282541
prapr_Cli_37_mutant-4,DefaultParser,107.77335345427961,2.4493943966881733
prapr_Cli_37_mutant-3,DefaultParser,55.1784185784579,1.9706578063734965
prapr_Cli_13_mutant-1,GroupImpl,52.43340647481991,5.2433406474819915
prapr_Cli_13_mutant-2,GroupImpl,51.38252719135122,4.671138835577384
prapr_Cli_7_mutant-6,DefaultOptionBuilder,56.73578166937558,0.9455963611562596
prapr_Cli_7_mutant-1,OptionImpl,39.35993312580324,3.027687163523326
prapr_Cli_7_mutant-4,OptionImpl,49.79426007827179,3.5567328627336994
prapr_Cli_7_mutant-3,OptionImpl,34.23593445717694,2.8529945380980783
prapr_Cli_7_mutant-5,OptionImpl,82.2556851132096,5.875406079514971
prapr_Cli_40_mutant-1,TypeHandler,73.46941508047192,9.18367688505899
prapr_Cli_40_mutant-2,TypeHandler,22.701482004864488,3.7835803341440815
prapr_Cli_11_mutant-6,HelpFormatter,42.78826604767801,8.557653209535601
prapr_Cli_11_mutant-11,HelpFormatter,51.725967885105106,3.042703993241477
prapr_Cli_11_mutant-8,HelpFormatter,57.99474922549344,3.866316615032896
prapr_Cli_11_mutant-1,HelpFormatter,65.46681398840292,3.273340699420146
prapr_Cli_11_mutant-10,HelpFormatter,42.78826604767801,8.557653209535601
prapr_Cli_11_mutant-7,HelpFormatter,58.95479167667312,3.10288377245648
prapr_Cli_11_mutant-2,HelpFormatter,54.808358596097065,2.884650452426161
prapr_Cli_11_mutant-4,HelpFormatter,59.473912060417085,3.1302058979166887
prapr_Cli_11_mutant-3,HelpFormatter,67.35180717861284,2.494511376985661
prapr_Cli_11_mutant-9,HelpFormatter,54.273906936841996,2.8565214177285263
prapr_Cli_11_mutant-5,HelpFormatter,51.38785325056198,3.022814897091881
prapr_Csv_5_mutant-14,CSVFormat,83.12081549936096,3.3248326199744382
prapr_Csv_5_mutant-6,CSVFormat,55.33271999220671,2.6348914282003197
prapr_Csv_5_mutant-11,CSVFormat,68.53827043289002,2.636087324341924
prapr_Csv_5_mutant-13,CSVFormat,49.240106845631715,2.051671118567988
prapr_Csv_5_mutant-12,CSVFormat,66.28659998128258,4.4191066654188385
prapr_Csv_5_mutant-8,CSVFormat,59.44521861839846,2.476884109099936
prapr_Csv_5_mutant-1,CSVFormat,55.525228332913606,3.9660877380652577
prapr_Csv_5_mutant-10,CSVFormat,47.87551722261212,1.9948132176088382
prapr_Csv_5_mutant-7,CSVFormat,81.12301735753509,3.2449206943014035
prapr_Csv_5_mutant-2,CSVFormat,55.33271999220671,2.6348914282003197
prapr_Csv_5_mutant-4,CSVFormat,61.503954190109,2.5626647579212083
prapr_Csv_5_mutant-3,CSVFormat,59.861666680917,2.3944666672366797
prapr_Csv_5_mutant-15,CSVFormat,64.84360045166312,2.493984632756274
prapr_Csv_5_mutant-9,CSVFormat,69.29712662879213,4.331070414299508
prapr_Csv_5_mutant-5,CSVFormat,101.61727487292204,4.064690994916882
prapr_Csv_9_mutant-1,CSVRecord,41.405792230467966,2.300321790581554
prapr_Csv_11_mutant-14,CSVFormat,44.81329199538503,1.8672204998077095
prapr_Csv_11_mutant-6,CSVParser,48.81402925114225,2.871413485361309
prapr_Csv_11_mutant-11,CSVFormat,74.51333978992233,3.3869699904510147
prapr_Csv_11_mutant-13,CSVFormat,62.316838493839114,2.3968014805322735
prapr_Csv_11_mutant-12,CSVFormat,50.88617806552739,2.1202574193969745
prapr_Csv_11_mutant-8,CSVFormat,59.811038096576574,2.300424542176022
prapr_Csv_11_mutant-1,CSVFormat,77.38618679464903,3.0954474717859615
prapr_Csv_11_mutant-16,CSVParser,47.51450948636807,2.9696568428980044
prapr_Csv_11_mutant-10,CSVFormat,60.57288035810538,2.422915214324215
prapr_Csv_11_mutant-7,CSVFormat,55.38779512193308,2.5176270509969583
prapr_Csv_11_mutant-2,CSVFormat,55.80993234628088,2.3254138477617032
prapr_Csv_11_mutant-4,CSVFormat,58.21116740957629,2.3284466963830517
prapr_Csv_11_mutant-3,CSVFormat,50.39621344681334,2.290736974855152
prapr_Csv_11_mutant-15,CSVParser,57.012329945482094,3.0006489444990576
prapr_Csv_11_mutant-9,CSVFormat,52.62454205185223,2.505930573897725
prapr_Csv_11_mutant-5,CSVFormat,34.98951308195067,1.5904324128159395
prapr_Csv_15_mutant-6,CSVFormat,74.29965318803005,3.538078723239526
prapr_Csv_15_mutant-11,CSVFormat,98.19769851349594,2.517889705474255
prapr_Csv_15_mutant-13,CSVFormat,88.3265691150779,2.324383397765208
prapr_Csv_15_mutant-12,CSVFormat,90.34249268824681,2.377434018111758
prapr_Csv_15_mutant-8,CSVFormat,76.72571861718347,2.13126996158843
prapr_Csv_15_mutant-1,CSVFormat,95.35522861943574,2.383880715485893
prapr_Csv_15_mutant-10,CSVFormat,23.78787941584814,3.964646569308023
prapr_Csv_15_mutant-7,CSVFormat,108.27091578534423,2.706772894633606
prapr_Csv_15_mutant-2,CSVFormat,89.5994011764907,2.2399850294122676
prapr_Csv_15_mutant-4,CSVFormat,74.44178391657671,2.0119401058534248
prapr_Csv_15_mutant-3,CSVFormat,108.0606627972647,2.635625921884505
prapr_Csv_15_mutant-9,CSVFormat,100.14250439883368,2.503562609970842
prapr_Csv_15_mutant-5,CSVFormat,23.78787941584814,3.964646569308023
prapr_JxPath_21_mutant-1,ValueUtils,25.484094092858346,5.096818818571669
prapr_JxPath_21_mutant-2,ValueUtils,33.726874718297246,3.7474305242552495
prapr_JxPath_20_mutant-6,CoreOperationRelationalExpression,32.65126871492176,5.441878119153627
prapr_JxPath_20_mutant-2,CoreOperationRelationalExpression,25.684629874451954,3.210578734306494
prapr_JxPath_20_mutant-4,CoreOperationRelationalExpression,36.54020405734709,2.8107849274882377
prapr_JxPath_20_mutant-5,CoreOperationRelationalExpression,52.96037945966186,3.5306919639774574
prapr_JxPath_10_mutant-1,InfoSetUtil,24.396501317955497,4.066083552992583
prapr_JxPath_10_mutant-2,CoreOperationRelationalExpression,50.770876731038726,2.307767124138124
prapr_JxPath_10_mutant-4,InfoSetUtil,31.766434180638832,5.294405696773139
prapr_JxPath_10_mutant-3,InfoSetUtil,24.396501317955497,4.066083552992583
prapr_JxPath_12_mutant-1,JXPathContextReferenceImpl,29.854829312807244,1.8659268320504527
prapr_JxPath_22_mutant-14,DOMNodePointer,55.58139976924934,4.275492289942257
prapr_JxPath_22_mutant-6,DOMNodePointer,92.01360196548426,4.842821156078119
prapr_JxPath_22_mutant-11,DOMNodePointer,31.891447902989974,3.5434942114433303
prapr_JxPath_22_mutant-13,DOMNodePointer,19.578585078902645,2.4473231348628306
prapr_JxPath_22_mutant-21,DOMNodePointer,29.23961642683849,2.923961642683849
prapr_JxPath_22_mutant-12,DOMNodePointer,53.997428832427154,2.6998714416213576
prapr_JxPath_22_mutant-19,DOMNodePointer,40.39611794985331,6.732686324975552
prapr_JxPath_22_mutant-8,DOMNodePointer,71.34431159946149,2.85377246397846
prapr_JxPath_22_mutant-1,DOMNodePointer,69.11422921567312,2.7645691686269247
prapr_JxPath_22_mutant-16,DOMNodePointer,30.951056188223667,6.190211237644734
prapr_JxPath_22_mutant-22,DOMNodePointer,66.77246144698853,3.3386230723494266
prapr_JxPath_22_mutant-10,DOMNodePointer,92.01360196548426,4.842821156078119
prapr_JxPath_22_mutant-7,DOMNodePointer,67.96725803115365,2.831969084631402
prapr_JxPath_22_mutant-17,DOMNodePointer,43.623449906360285,7.270574984393381
prapr_JxPath_22_mutant-2,DOMNodePointer,36.549204034586076,6.091534005764346
prapr_JxPath_22_mutant-4,DOMNodePointer,32.968264772825705,4.121033096603213
prapr_JxPath_22_mutant-3,DOMNodePointer,47.103362493489655,5.887920311686207
prapr_JxPath_22_mutant-15,DOMNodePointer,50.81215731979736,4.234346443316446
prapr_JxPath_22_mutant-18,DOMNodePointer,34.86891795062079,5.811486325103465
prapr_JxPath_22_mutant-9,DOMNodePointer,68.28815627482666,3.251816965467936
prapr_JxPath_22_mutant-5,DOMNodePointer,37.924611722723384,2.917277824824876
prapr_JxPath_22_mutant-20,DOMNodePointer,31.4275714141038,5.2379285690173
prapr_JxPath_6_mutant-1,CoreOperationCompare,35.09020920621409,1.5256612698353953
prapr_JxPath_6_mutant-2,CoreOperationCompare,70.96100741482752,1.6895477955911313
prapr_JxPath_1_mutant-1,ContainerPointer,57.35479380483176,2.7311806573729407
prapr_JxPath_1_mutant-2,ContainerPointer,57.35479380483176,2.7311806573729407
prapr_JxPath_1_mutant-4,ContainerPointer,23.831254900285472,1.9859379083571227
prapr_JxPath_1_mutant-3,ContainerPointer,39.632838940711885,2.6421892627141257
prapr_JxPath_13_mutant-1,DOMNodePointer,34.77957666628602,5.79659611104767
prapr_JxPath_13_mutant-2,DOMNodePointer,49.267044243445525,6.158380530430691
